"Date","Price","Open","High","Low","Vol.","Change %"
"12/31/2025","38.32","37.96","38.32","37.70","4.61M","0.79%"
"12/30/2025","38.02","37.64","38.08","37.52","10.16M","0.48%"
"12/29/2025","37.84","38.98","39.38","37.50","12.89M","-2.92%"
"12/24/2025","38.98","39.02","39.38","38.54","3.67M","-0.51%"
"12/23/2025","39.18","39.00","39.20","38.66","3.37M","0.46%"
"12/22/2025","39.00","38.98","39.00","38.50","4.52M","0.62%"
"12/19/2025","38.76","37.66","38.76","37.56","12.97M","2.92%"
"12/18/2025","37.66","37.68","37.96","37.34","7.88M","-0.16%"
"12/17/2025","37.72","37.70","37.96","37.40","11.27M","0.11%"
"12/16/2025","37.68","38.20","38.40","37.56","12.34M","-1.77%"
"12/15/2025","38.36","38.70","39.20","38.30","10.05M","-1.49%"
"12/12/2025","38.94","39.00","39.38","38.94","9.91M","0.41%"
"12/11/2025","38.78","39.58","39.86","38.56","8.54M","-1.67%"
"12/10/2025","39.44","39.44","39.52","39.02","5.71M","-0.15%"
"12/09/2025","39.50","40.00","40.36","39.36","5.82M","-1.40%"
"12/08/2025","40.06","39.88","40.50","39.88","5.08M","0.70%"
"12/05/2025","39.78","40.06","40.20","39.38","9.93M","-1.34%"
"12/04/2025","40.32","40.70","40.70","39.94","7.11M","-0.93%"
"12/03/2025","40.70","40.26","40.94","40.24","9.99M","-0.68%"
"12/02/2025","40.98","40.06","41.16","39.50","14.00M","2.81%"
"12/01/2025","39.86","40.24","40.54","39.62","12.71M","-0.94%"
"11/28/2025","40.24","39.90","40.58","39.70","10.97M","1.36%"
"11/27/2025","39.70","39.00","39.72","38.70","9.88M","1.33%"
"11/26/2025","39.18","39.84","40.14","39.18","6.62M","-0.36%"
"11/25/2025","39.32","40.10","40.24","39.18","12.58M","-0.46%"
"11/24/2025","39.50","38.40","39.52","38.30","25.63M","2.86%"
"11/21/2025","38.40","39.60","39.60","38.26","16.40M","-4.05%"
"11/20/2025","40.02","39.86","40.24","39.82","6.16M","0.40%"
"11/19/2025","39.86","40.26","40.46","39.74","8.68M","-0.99%"
"11/18/2025","40.26","41.00","41.10","40.00","10.07M","-2.61%"
"11/17/2025","41.34","41.20","41.34","40.80","9.59M","0.34%"
"11/14/2025","41.20","41.60","41.60","41.04","6.80M","-1.48%"
"11/13/2025","41.82","42.06","42.30","41.02","11.68M","-1.18%"
"11/12/2025","42.32","40.90","42.70","40.90","23.69M","3.47%"
"11/11/2025","40.90","40.24","40.90","40.10","13.76M","1.64%"
"11/10/2025","40.24","38.78","40.26","38.32","17.47M","3.76%"
"11/07/2025","38.78","38.64","39.08","38.54","10.75M","0.62%"
"11/06/2025","38.54","38.70","39.32","38.14","12.20M","-0.36%"
"11/05/2025","38.68","38.28","38.68","37.62","6.40M","0.57%"
"11/04/2025","38.46","38.40","39.04","38.20","9.16M","0.21%"
"11/03/2025","38.38","39.12","39.42","38.00","12.36M","-0.88%"
"10/31/2025","38.72","38.56","38.92","38.24","5.87M","0.05%"
"10/30/2025","38.70","39.74","39.74","38.28","11.81M","-2.62%"
"10/28/2025","39.74","39.68","39.98","39.44","9.77M","0.10%"
"10/27/2025","39.70","39.46","39.78","39.04","11.19M","1.79%"
"10/24/2025","39.00","38.42","39.38","38.30","9.41M","2.58%"
"10/23/2025","38.02","37.56","38.30","37.06","10.25M","1.01%"
"10/22/2025","37.64","38.48","38.48","37.38","11.40M","-1.31%"
"10/21/2025","38.14","39.06","39.06","38.06","9.05M","-0.16%"
"10/20/2025","38.20","37.68","38.62","37.44","16.60M","3.19%"
"10/17/2025","37.02","37.00","37.48","36.76","10.63M","0.27%"
"10/16/2025","36.92","37.00","37.50","36.54","9.25M","-0.05%"
"10/15/2025","36.94","36.28","37.24","36.08","16.79M","3.82%"
"10/14/2025","35.58","37.64","37.80","35.44","29.50M","-5.47%"
"10/13/2025","37.64","37.22","37.84","37.06","24.02M","-2.23%"
"10/10/2025","38.50","39.70","39.72","38.18","23.43M","-4.13%"
"10/09/2025","40.16","40.54","41.20","39.96","16.38M","-0.94%"
"10/08/2025","40.54","39.68","40.66","39.68","12.38M","-0.83%"
"10/06/2025","40.88","41.70","42.42","40.44","12.00M","-2.99%"
"10/03/2025","42.14","42.56","42.72","41.74","5.92M","-1.82%"
"10/02/2025","42.92","42.88","43.54","42.70","8.83M","0.09%"
"09/30/2025","42.88","43.78","43.78","42.50","9.02M","-1.43%"
"09/29/2025","43.50","42.68","43.90","42.30","18.90M","2.89%"
"09/26/2025","42.28","41.32","43.10","41.24","16.12M","1.59%"
"09/25/2025","41.62","41.82","42.16","41.50","10.55M","-0.24%"
"09/24/2025","41.72","40.84","41.92","40.74","9.22M","0.43%"
"09/23/2025","41.54","42.80","42.96","41.28","8.97M","-1.00%"
"09/22/2025","41.96","42.76","43.00","41.82","9.04M","-1.18%"
"09/19/2025","42.46","41.12","43.10","40.80","19.76M","4.22%"
"09/18/2025","40.74","41.20","41.56","40.40","12.31M","-1.74%"
"09/17/2025","41.46","41.20","41.64","41.16","7.94M","1.17%"
"09/16/2025","40.98","41.90","41.94","40.90","10.94M","-1.40%"
"09/15/2025","41.56","42.14","42.34","41.34","12.90M","-1.28%"
"09/12/2025","42.10","43.30","43.46","42.00","14.79M","0.10%"
"09/11/2025","42.06","41.20","42.14","40.82","10.32M","1.30%"
"09/10/2025","41.52","41.40","41.86","41.18","8.56M","0.00%"
"09/09/2025","41.52","41.88","42.04","41.30","8.23M","0.00%"
"09/08/2025","41.52","41.10","41.76","40.64","7.58M","0.58%"
"09/05/2025","41.28","40.56","41.38","40.40","10.13M","2.69%"
"09/04/2025","40.20","41.32","41.32","39.92","12.03M","-1.95%"
"09/03/2025","41.00","42.06","42.06","40.94","6.91M","-0.53%"
"09/02/2025","41.22","41.08","42.04","41.02","10.56M","0.34%"
"09/01/2025","41.08","41.64","41.64","40.90","5.59M","0.20%"
"08/29/2025","41.00","41.10","41.48","40.94","7.23M","0.34%"
"08/28/2025","40.86","40.82","40.98","40.28","8.96M","-0.10%"
"08/27/2025","40.90","41.98","42.42","40.42","14.63M","-2.80%"
"08/26/2025","42.08","42.30","43.00","41.94","15.04M","-0.57%"
"08/25/2025","42.32","40.58","42.32","40.44","22.39M","5.59%"
"08/22/2025","40.08","40.20","40.26","39.92","8.41M","-0.30%"
"08/21/2025","40.20","40.00","40.30","39.48","6.72M","0.05%"
"08/20/2025","40.18","40.28","40.32","39.78","6.90M","-0.25%"
"08/19/2025","40.28","39.72","40.60","39.58","10.07M","1.87%"
"08/18/2025","39.54","39.20","40.48","39.20","8.53M","0.05%"
"08/15/2025","39.52","39.82","39.98","39.30","10.69M","-1.10%"
"08/14/2025","39.96","39.68","40.44","39.32","13.05M","1.58%"
"08/13/2025","39.34","40.18","40.18","38.58","19.20M","-2.09%"
"08/12/2025","40.18","39.32","40.52","39.10","19.26M","1.57%"
"08/11/2025","39.56","40.74","40.86","39.12","16.96M","-2.90%"
"08/08/2025","40.74","41.18","41.40","40.42","13.14M","-1.31%"
"08/07/2025","41.28","40.78","41.60","40.36","17.43M","3.41%"
"08/06/2025","39.92","40.12","40.30","39.70","9.45M","-0.55%"
"08/05/2025","40.14","38.80","40.56","38.44","22.86M","3.51%"
"08/04/2025","38.78","37.92","38.80","37.60","8.43M","2.32%"
"08/01/2025","37.90","38.25","38.55","37.80","10.18M","-1.30%"
"07/31/2025","38.40","38.00","38.70","38.00","12.92M","1.19%"
"07/30/2025","37.95","38.30","38.65","37.50","17.28M","-1.43%"
"07/29/2025","38.50","37.60","38.65","37.30","14.80M","2.39%"
"07/28/2025","37.60","37.55","38.35","37.15","19.80M","0.00%"
"07/25/2025","37.60","37.70","38.10","37.40","8.91M","-1.05%"
"07/24/2025","38.00","36.95","38.40","36.65","18.25M","3.12%"
"07/23/2025","36.85","37.30","37.35","36.75","13.64M","-0.41%"
"07/22/2025","37.00","37.10","37.45","36.65","11.05M","-0.27%"
"07/21/2025","37.10","37.00","37.50","36.60","17.92M","-0.67%"
"07/18/2025","37.35","37.85","38.15","37.15","10.59M","-0.93%"
"07/17/2025","37.70","38.50","38.50","37.50","6.07M","-1.44%"
"07/16/2025","38.25","38.45","38.45","38.10","8.45M","0.00%"
"07/15/2025","38.25","38.30","38.55","37.70","14.99M","-0.13%"
"07/14/2025","38.30","38.55","38.70","37.70","9.80M","-0.78%"
"07/11/2025","38.60","38.85","39.10","38.45","11.15M","-0.90%"
"07/10/2025","38.95","38.80","39.00","38.15","12.20M","0.78%"
"07/09/2025","38.65","38.35","39.05","38.20","22.62M","1.18%"
"07/08/2025","38.20","37.50","38.25","37.15","24.42M","1.87%"
"07/07/2025","37.50","37.15","37.60","36.85","10.27M","0.94%"
"07/04/2025","37.15","37.05","37.35","36.80","13.49M","0.41%"
"07/03/2025","37.00","37.20","37.60","36.80","21.57M","0.41%"
"07/02/2025","36.85","38.00","38.05","36.60","36.32M","5.74%"
"06/30/2025","34.85","34.90","35.10","34.40","8.11M","0.14%"
"06/27/2025","34.80","35.70","35.80","34.70","11.48M","-2.38%"
"06/26/2025","35.65","35.15","36.35","34.85","17.82M","1.28%"
"06/25/2025","35.20","34.30","35.40","34.15","16.08M","3.38%"
"06/24/2025","34.05","32.65","34.15","32.65","15.98M","3.03%"
"06/23/2025","33.05","32.00","33.05","31.45","7.55M","3.12%"
"06/20/2025","32.05","32.30","32.30","31.90","6.17M","0.00%"
"06/19/2025","32.05","32.90","32.90","31.80","9.80M","-2.88%"
"06/18/2025","33.00","33.35","33.50","32.70","9.52M","-1.05%"
"06/17/2025","33.35","33.60","34.30","33.15","15.98M","1.06%"
"06/16/2025","33.00","32.40","33.05","32.40","10.90M","0.76%"
"06/13/2025","32.75","33.05","33.15","32.35","8.78M","-1.65%"
"06/12/2025","33.30","33.40","33.80","33.15","10.35M","-0.89%"
"06/11/2025","33.60","33.30","33.75","33.15","4.49M","1.51%"
"06/10/2025","33.10","33.60","34.15","32.90","14.21M","-2.22%"
"06/09/2025","33.85","33.70","34.00","33.45","6.91M","0.45%"
"06/06/2025","33.70","34.20","34.50","33.50","10.89M","-0.44%"
"06/05/2025","33.85","33.70","34.00","33.50","8.09M","1.20%"
"06/04/2025","33.45","34.00","34.00","33.10","6.05M","-0.45%"
"06/03/2025","33.60","34.20","34.35","33.45","7.96M","-1.18%"
"06/02/2025","34.00","33.35","34.10","33.00","11.96M","1.80%"
"05/30/2025","33.40","33.75","34.15","33.20","11.48M","-2.20%"
"05/29/2025","34.15","33.20","34.30","33.20","15.27M","2.09%"
"05/28/2025","33.45","33.20","33.85","33.10","11.98M","1.36%"
"05/27/2025","33.00","32.15","33.20","31.95","18.71M","2.64%"
"05/26/2025","32.15","31.35","32.35","31.20","13.36M","2.39%"
"05/23/2025","31.40","31.45","31.65","30.80","9.06M","-1.41%"
"05/22/2025","31.85","31.55","32.70","31.50","14.58M","0.95%"
"05/21/2025","31.55","32.15","32.25","31.45","9.48M","-1.71%"
"05/20/2025","32.10","32.05","32.15","31.40","9.89M","1.42%"
"05/19/2025","31.65","31.95","32.05","31.50","7.58M","-1.40%"
"05/16/2025","32.10","31.70","32.30","31.40","10.17M","0.94%"
"05/15/2025","31.80","31.75","32.20","31.50","10.72M","-0.78%"
"05/14/2025","32.05","32.10","32.20","31.75","13.51M","0.47%"
"05/13/2025","31.90","31.95","32.25","31.20","15.64M","-0.31%"
"05/12/2025","32.00","31.40","32.20","31.20","24.31M","4.23%"
"05/09/2025","30.70","30.40","31.00","29.95","14.33M","0.99%"
"05/08/2025","30.40","30.20","30.70","29.95","11.82M","0.66%"
"05/07/2025","30.20","30.10","30.50","29.90","13.38M","2.03%"
"05/06/2025","29.60","29.15","30.00","28.90","16.73M","2.78%"
"05/02/2025","28.80","28.50","29.00","28.20","10.94M","2.13%"
"04/30/2025","28.20","28.50","28.75","28.05","12.21M","0.36%"
"04/29/2025","28.10","28.05","28.45","27.95","7.11M","0.54%"
"04/28/2025","27.95","28.25","28.50","27.90","7.49M","-1.06%"
"04/25/2025","28.25","28.30","28.80","28.20","8.75M","0.36%"
"04/24/2025","28.15","28.25","28.60","27.80","13.44M","-0.35%"
"04/23/2025","28.25","27.95","28.55","27.80","17.74M","3.29%"
"04/22/2025","27.35","27.00","27.35","26.70","10.60M","0.00%"
"04/17/2025","27.35","26.50","27.50","26.45","8.43M","2.63%"
"04/16/2025","26.65","26.80","27.00","26.50","18.43M","-1.30%"
"04/15/2025","27.00","28.30","28.35","26.75","19.02M","-3.57%"
"04/14/2025","28.00","27.95","28.20","27.40","10.78M","1.45%"
"04/11/2025","27.60","26.55","27.85","26.30","22.24M","3.95%"
"04/10/2025","26.55","26.05","27.10","25.90","16.76M","3.91%"
"04/09/2025","25.55","25.40","25.65","24.30","24.86M","-2.29%"
"04/08/2025","26.15","26.15","27.05","25.70","24.68M","-0.95%"
"04/07/2025","26.40","27.90","28.20","26.05","44.84M","-12.44%"
"04/03/2025","30.15","29.85","30.25","29.75","9.08M","-1.15%"
"04/02/2025","30.50","30.65","30.95","30.20","8.33M","-0.33%"
"04/01/2025","30.60","30.50","31.30","30.50","10.86M","0.66%"
"03/31/2025","30.40","31.45","31.45","30.20","19.97M","-3.34%"
"03/28/2025","31.45","32.15","32.25","31.25","12.11M","-1.87%"
"03/27/2025","32.05","32.05","32.60","31.85","9.30M","0.00%"
"03/26/2025","32.05","32.05","32.30","31.65","9.52M","0.00%"
"03/25/2025","32.05","32.70","32.70","31.80","11.94M","-1.23%"
"03/24/2025","32.45","32.70","32.70","32.05","9.54M","-0.76%"
"03/21/2025","32.70","32.85","33.10","32.15","24.69M","-0.46%"
"03/20/2025","32.85","33.75","33.85","32.80","29.55M","-2.23%"
"03/19/2025","33.60","33.05","33.70","32.80","15.03M","1.66%"
"03/18/2025","33.05","33.10","33.20","32.55","12.99M","1.23%"
"03/17/2025","32.65","32.30","33.30","32.30","12.72M","1.24%"
"03/14/2025","32.25","31.55","32.80","31.00","15.49M","3.53%"
"03/13/2025","31.15","31.55","31.80","30.80","7.36M","-1.27%"
"03/12/2025","31.55","31.85","32.25","31.25","9.74M","-2.17%"
"03/11/2025","32.25","31.80","32.35","31.15","10.75M","0.31%"
"03/10/2025","32.15","32.70","32.80","31.80","9.44M","-1.23%"
"03/07/2025","32.55","32.50","33.25","32.20","8.93M","-0.76%"
"03/06/2025","32.80","32.50","32.90","32.15","13.91M","2.02%"
"03/05/2025","32.15","31.30","32.30","31.15","9.06M","2.55%"
"03/04/2025","31.35","32.35","32.35","31.35","11.21M","-3.09%"
"03/03/2025","32.35","32.40","33.75","32.30","25.26M","1.41%"
"02/28/2025","31.90","31.30","32.55","30.90","29.89M","1.92%"
"02/27/2025","31.30","30.40","31.60","30.20","24.06M","2.12%"
"02/26/2025","30.65","30.35","30.85","30.30","9.17M","1.66%"
"02/25/2025","30.15","30.25","30.45","29.85","13.71M","-2.11%"
"02/24/2025","30.80","29.45","31.25","29.30","24.71M","4.41%"
"02/21/2025","29.50","29.90","29.90","29.10","18.05M","-1.17%"
"02/20/2025","29.85","29.25","30.30","29.15","11.37M","0.67%"
"02/19/2025","29.65","29.50","29.90","29.20","7.68M","-0.34%"
"02/18/2025","29.75","30.05","30.05","29.40","14.03M","-1.00%"
"02/17/2025","30.05","29.85","30.35","29.60","13.30M","1.01%"
"02/14/2025","29.75","29.65","29.90","29.35","16.74M","1.88%"
"02/13/2025","29.20","28.85","30.20","28.80","26.51M","1.74%"
"02/12/2025","28.70","28.50","29.15","28.45","18.25M","1.41%"
"02/11/2025","28.30","29.50","29.60","28.05","27.81M","-4.07%"
"02/10/2025","29.50","29.65","30.05","29.20","18.39M","-0.51%"
"02/07/2025","29.65","29.60","30.10","29.20","16.44M","0.17%"
"02/06/2025","29.60","29.90","30.15","29.40","20.87M","-1.00%"
"02/05/2025","29.90","31.05","31.35","29.00","25.51M","-3.70%"
"02/04/2025","31.05","31.70","31.95","30.80","14.55M","-0.80%"
"02/03/2025","31.30","32.00","32.10","30.90","26.15M","-5.86%"
"01/28/2025","33.25","32.85","33.35","32.75","6.07M","1.37%"
"01/27/2025","32.80","32.00","33.20","31.95","16.38M","3.31%"
"01/24/2025","31.75","31.20","31.75","31.05","8.14M","2.75%"
"01/23/2025","30.90","31.70","31.95","30.80","9.24M","-1.75%"
"01/22/2025","31.45","32.05","32.30","31.35","7.97M","-2.33%"
"01/21/2025","32.20","32.35","32.40","31.75","5.89M","1.10%"
"01/20/2025","31.85","31.50","32.35","31.40","12.48M","1.11%"
"01/17/2025","31.50","31.25","31.80","31.05","9.04M","0.32%"
"01/16/2025","31.40","32.00","32.45","31.40","14.96M","-2.18%"
"01/15/2025","32.10","32.40","32.80","31.85","9.43M","-1.38%"
"01/14/2025","32.55","32.15","32.90","31.85","10.18M","1.56%"
"01/13/2025","32.05","32.30","32.30","31.65","9.90M","-2.29%"
"01/10/2025","32.80","33.20","33.65","32.50","7.53M","-1.94%"
"01/09/2025","33.45","33.25","33.80","33.10","6.98M","0.60%"
"01/08/2025","33.25","33.75","33.85","32.70","6.63M","-1.04%"
"01/07/2025","33.60","32.30","33.80","32.30","10.96M","2.75%"
"01/06/2025","32.70","33.05","33.40","32.50","9.35M","-0.91%"
"01/03/2025","33.00","32.70","33.20","32.60","8.89M","2.48%"
"01/02/2025","32.20","33.00","33.00","32.00","12.05M","-2.42%"
"12/31/2024","33.00","32.80","33.30","32.50","3.57M","0.46%"
"12/30/2024","32.85","33.90","34.10","32.60","9.57M","-3.10%"
"12/27/2024","33.90","33.80","34.35","33.60","5.11M","0.30%"
"12/24/2024","33.80","34.25","34.45","33.70","3.33M","-1.31%"
"12/23/2024","34.25","34.50","34.65","34.05","3.48M","-0.15%"
"12/20/2024","34.30","34.15","34.40","33.90","5.90M","0.44%"
"12/19/2024","34.15","33.70","34.35","33.60","5.46M","-0.44%"
"12/18/2024","34.30","34.75","34.85","33.90","4.83M","0.15%"
"12/17/2024","34.25","34.40","34.70","33.85","10.44M","-1.30%"
"12/16/2024","34.70","35.70","36.55","34.45","9.80M","-3.34%"
"12/13/2024","35.90","36.30","36.30","35.50","6.02M","-1.91%"
"12/12/2024","36.60","36.40","37.40","35.85","6.57M","1.24%"
"12/11/2024","36.15","36.50","36.80","35.95","3.81M","-0.82%"
"12/10/2024","36.45","37.50","37.80","36.40","14.60M","0.55%"
"12/09/2024","36.25","35.15","36.30","34.95","6.87M","2.26%"
"12/06/2024","35.45","35.20","35.95","34.95","6.42M","0.71%"
"12/05/2024","35.20","35.25","35.30","34.85","4.73M","-0.98%"
"12/04/2024","35.55","35.55","35.80","35.20","5.12M","0.14%"
"12/03/2024","35.50","35.20","35.70","34.90","8.21M","1.14%"
"12/02/2024","35.10","34.90","35.95","34.60","11.97M","1.59%"
"11/29/2024","34.55","33.20","34.75","33.20","11.49M","4.07%"
"11/28/2024","33.20","33.70","33.80","33.10","3.91M","-0.90%"
"11/27/2024","33.50","32.50","33.60","32.45","5.56M","2.60%"
"11/26/2024","32.65","32.15","33.20","32.15","7.72M","1.08%"
"11/25/2024","32.30","32.85","32.90","31.75","11.63M","-0.92%"
"11/22/2024","32.60","32.90","33.75","32.35","9.21M","-1.21%"
"11/21/2024","33.00","32.95","33.05","32.65","3.65M","-0.30%"
"11/20/2024","33.10","32.65","33.10","32.50","7.07M","1.07%"
"11/19/2024","32.75","33.10","33.40","32.60","7.65M","0.00%"
"11/18/2024","32.75","33.00","33.15","32.50","5.28M","0.31%"
"11/15/2024","32.65","32.65","33.15","32.10","8.32M","0.15%"
"11/14/2024","32.60","34.00","34.15","32.30","19.74M","-4.54%"
"11/13/2024","34.15","34.45","34.55","33.10","17.41M","-1.44%"
"11/12/2024","34.65","35.85","36.45","34.35","13.84M","-3.62%"
"11/11/2024","35.95","35.50","36.00","34.80","10.42M","-0.96%"
"11/08/2024","36.30","36.80","37.90","35.95","12.87M","-0.14%"
"11/07/2024","36.35","34.00","36.50","33.95","26.38M","5.06%"
"11/06/2024","34.60","35.25","35.65","34.30","9.25M","-2.95%"
"11/05/2024","35.65","34.70","35.65","34.70","9.46M","2.30%"
"11/04/2024","34.85","34.85","35.10","34.50","5.04M","0.00%"
"11/01/2024","34.85","34.65","35.25","34.30","9.85M","0.87%"
"10/31/2024","34.55","34.90","35.15","34.30","6.80M","-1.00%"
"10/30/2024","34.90","34.85","35.50","34.75","11.06M","-0.57%"
"10/29/2024","35.10","35.10","35.65","34.75","12.03M","0.14%"
"10/28/2024","35.05","34.45","35.35","34.40","15.07M","2.19%"
"10/25/2024","34.30","33.70","34.60","33.70","33.47M","1.33%"
"10/24/2024","33.85","33.80","34.60","33.60","11.11M","-1.02%"
"10/23/2024","34.20","33.85","34.25","33.50","12.28M","1.03%"
"10/22/2024","33.85","33.80","34.35","33.40","14.70M","-0.29%"
"10/21/2024","33.95","34.90","34.90","33.45","16.06M","-3.00%"
"10/18/2024","35.00","34.05","35.45","33.90","23.51M","3.09%"
"10/17/2024","33.95","34.65","35.10","33.55","12.83M","-1.16%"
"10/16/2024","34.35","35.30","35.70","34.00","29.75M","-4.05%"
"10/15/2024","35.80","37.30","37.80","35.30","21.84M","-4.02%"
"10/14/2024","37.30","38.90","38.90","36.95","20.97M","-4.36%"
"10/10/2024","39.00","38.90","39.50","37.55","22.31M","2.23%"
"10/09/2024","38.15","38.75","39.75","36.90","31.17M","0.39%"
"10/08/2024","38.00","42.80","42.80","37.65","37.97M","-12.24%"
"10/07/2024","43.30","41.25","43.80","41.25","42.88M","9.34%"
"10/04/2024","39.60","39.00","40.50","38.45","15.83M","1.02%"
"10/03/2024","39.20","41.50","41.50","37.95","30.09M","-5.54%"
"10/02/2024","41.50","38.20","41.65","38.20","48.24M","6.27%"
"09/30/2024","39.05","38.80","40.60","38.05","47.67M","3.31%"
"09/27/2024","37.80","36.80","38.60","36.25","64.07M","8.78%"
"09/26/2024","34.75","31.90","34.75","31.65","35.28M","9.97%"
"09/25/2024","31.60","32.90","33.15","31.55","21.77M","0.48%"
"09/24/2024","31.45","31.10","31.70","30.45","20.82M","1.94%"
"09/23/2024","30.85","30.80","31.70","30.75","19.04M","-1.12%"
"09/20/2024","31.20","30.60","31.35","30.00","21.14M","3.14%"
"09/19/2024","30.25","29.00","30.65","29.00","17.79M","4.49%"
"09/17/2024","28.95","28.20","29.10","28.05","9.12M","2.12%"
"09/16/2024","28.35","27.80","28.35","27.60","11.50M","1.07%"
"09/13/2024","28.05","28.40","28.95","28.05","8.09M","-1.06%"
"09/12/2024","28.35","28.05","28.70","27.75","10.94M","1.61%"
"09/11/2024","27.90","28.40","28.70","27.70","10.32M","-3.46%"
"09/10/2024","28.90","28.45","29.15","28.35","14.51M","0.70%"
"09/09/2024","28.70","29.15","29.40","28.30","14.78M","-1.54%"
"09/05/2024","29.15","29.70","30.10","28.90","9.49M","-1.85%"
"09/04/2024","29.70","29.75","30.30","29.30","9.70M","-0.67%"
"09/03/2024","29.90","30.00","30.75","29.75","10.25M","-0.33%"
"09/02/2024","30.00","30.50","30.70","29.75","11.19M","-0.66%"
"08/30/2024","30.20","29.90","31.00","29.85","25.86M","1.00%"
"08/29/2024","29.90","30.40","30.50","29.60","17.26M","-1.97%"
"08/28/2024","30.50","30.85","31.10","30.35","10.95M","-0.97%"
"08/27/2024","30.80","30.85","31.00","30.20","14.38M","-0.81%"
"08/26/2024","31.05","31.10","31.65","30.90","10.41M","0.65%"
"08/23/2024","30.85","30.90","31.00","30.30","5.88M","-1.12%"
"08/22/2024","31.20","31.55","31.80","30.80","8.82M","-0.16%"
"08/21/2024","31.25","31.20","31.40","30.90","8.99M","-0.64%"
"08/20/2024","31.45","32.20","32.25","31.20","10.32M","-0.79%"
"08/19/2024","31.70","31.65","32.35","31.50","21.28M","1.60%"
"08/16/2024","31.20","30.40","31.25","29.90","61.62M","5.58%"
"08/15/2024","29.55","29.20","29.70","28.65","32.46M","1.03%"
"08/14/2024","29.25","29.80","29.80","29.10","12.94M","-0.51%"
"08/13/2024","29.40","29.25","29.55","28.70","22.04M","-0.17%"
"08/12/2024","29.45","30.05","30.05","29.05","18.07M","-4.38%"
"08/09/2024","30.80","30.95","31.55","30.65","11.12M","1.48%"
"08/08/2024","30.35","30.60","30.80","29.90","18.67M","-1.46%"
"08/07/2024","30.80","31.50","31.55","30.65","7.74M","-2.22%"
"08/06/2024","31.50","32.25","32.75","31.30","8.77M","-1.56%"
"08/05/2024","32.00","30.60","32.40","30.35","13.09M","2.24%"
"08/02/2024","31.30","32.10","32.30","31.10","13.91M","-4.57%"
"08/01/2024","32.80","32.85","32.95","32.30","4.72M","-0.15%"
"07/31/2024","32.85","32.70","33.15","32.50","11.89M","0.46%"
"07/30/2024","32.70","33.70","33.70","32.65","10.05M","-3.11%"
"07/29/2024","33.75","33.60","34.10","33.50","4.56M","0.00%"
"07/26/2024","33.75","34.10","34.25","33.50","6.01M","-1.03%"
"07/25/2024","34.10","34.20","34.45","33.45","7.38M","-0.58%"
"07/24/2024","34.30","34.05","34.55","34.00","4.84M","0.73%"
"07/23/2024","34.05","34.65","34.75","33.90","6.05M","-0.29%"
"07/22/2024","34.15","34.00","34.25","33.45","4.58M","0.59%"
"07/19/2024","33.95","34.00","34.45","33.75","8.22M","-1.31%"
"07/18/2024","34.40","34.25","34.80","34.25","3.75M","0.15%"
"07/17/2024","34.35","34.10","34.70","34.05","3.00M","0.73%"
"07/16/2024","34.10","34.30","34.30","33.65","4.90M","-1.16%"
"07/15/2024","34.50","35.20","35.20","34.25","4.56M","-1.99%"
"07/12/2024","35.20","34.95","35.50","34.80","5.27M","1.73%"
"07/11/2024","34.60","34.35","34.70","33.85","5.73M","2.22%"
"07/10/2024","33.85","34.15","34.65","33.80","4.10M","-0.59%"
"07/09/2024","34.05","33.90","34.40","33.70","7.79M","0.89%"
"07/08/2024","33.75","35.20","35.25","33.45","16.84M","-4.26%"
"07/05/2024","35.25","36.55","36.65","35.00","12.57M","-3.29%"
"07/04/2024","36.45","37.25","37.30","36.30","3.86M","-1.49%"
"07/03/2024","37.00","36.50","37.20","36.40","6.60M","2.07%"
"07/02/2024","36.25","36.90","36.90","36.00","5.51M","-0.41%"
"06/28/2024","36.40","36.15","36.85","36.00","6.48M","-0.68%"
"06/27/2024","36.65","37.00","37.20","36.10","9.17M","-1.74%"
"06/26/2024","37.30","36.90","37.60","36.60","6.56M","0.27%"
"06/25/2024","37.20","37.55","37.75","36.90","6.40M","-0.80%"
"06/24/2024","37.50","38.10","38.40","37.05","9.55M","-1.96%"
"06/21/2024","38.25","38.90","39.00","38.20","8.24M","-1.67%"
"06/20/2024","38.90","39.40","39.70","38.50","3.42M","-1.39%"
"06/19/2024","39.45","38.65","39.60","38.55","6.04M","2.47%"
"06/18/2024","38.50","38.95","39.15","38.30","4.53M","-0.13%"
"06/17/2024","38.55","38.40","39.15","38.35","5.55M","-1.28%"
"06/14/2024","39.05","38.60","39.30","38.15","6.86M","0.26%"
"06/13/2024","38.95","38.00","39.00","38.00","6.48M","2.23%"
"06/12/2024","38.10","39.45","39.55","38.00","9.36M","-3.67%"
"06/11/2024","39.55","40.95","40.95","39.35","7.00M","-1.13%"
"06/07/2024","40.00","40.50","40.50","39.85","8.49M","-1.11%"
"06/06/2024","40.45","40.05","41.15","40.05","11.41M","1.38%"
"06/05/2024","39.90","39.00","40.35","38.90","12.45M","2.31%"
"06/04/2024","39.00","38.05","39.20","37.65","7.19M","1.96%"
"06/03/2024","38.25","37.80","38.75","37.80","9.96M","2.00%"
"05/31/2024","37.50","38.20","38.50","37.35","14.66M","-1.83%"
"05/30/2024","38.20","38.55","39.25","38.00","9.76M","-1.55%"
"05/29/2024","38.80","39.25","39.35","38.30","11.37M","-1.15%"
"05/28/2024","39.25","39.00","39.95","38.80","7.14M","1.16%"
"05/27/2024","38.80","39.20","39.25","37.90","8.81M","-0.39%"
"05/24/2024","38.95","39.85","39.85","38.80","11.68M","-2.26%"
"05/23/2024","39.85","39.95","40.10","39.30","10.56M","-1.12%"
"05/22/2024","40.30","40.10","40.90","39.95","13.61M","1.77%"
"05/21/2024","39.60","40.70","41.00","38.95","25.06M","-4.00%"
"05/20/2024","41.25","40.50","41.90","40.40","28.15M","3.38%"
"05/17/2024","39.90","39.20","40.50","39.00","21.62M","1.92%"
"05/16/2024","39.15","38.00","39.25","37.70","28.69M","6.39%"
"05/14/2024","36.80","38.25","38.30","36.70","22.30M","-3.92%"
"05/13/2024","38.30","37.00","38.40","36.55","14.36M","2.68%"
"05/10/2024","37.30","37.15","37.50","36.65","8.45M","0.67%"
"05/09/2024","37.05","36.85","37.25","36.60","9.66M","0.54%"
"05/08/2024","36.85","37.25","37.70","36.75","10.06M","-0.94%"
"05/07/2024","37.20","37.40","37.45","36.65","14.08M","-0.67%"
"05/06/2024","37.45","37.05","37.55","36.40","14.20M","-0.13%"
"05/03/2024","37.50","37.00","38.05","36.95","20.76M","3.59%"
"05/02/2024","36.20","35.10","36.30","34.85","17.38M","2.12%"
"04/30/2024","35.45","36.10","36.60","35.35","14.41M","-1.53%"
"04/29/2024","36.00","36.50","37.30","35.60","33.37M","1.12%"
"04/26/2024","35.60","35.05","35.85","34.65","18.33M","1.57%"
"04/25/2024","35.05","35.00","35.50","34.05","10.12M","0.14%"
"04/24/2024","35.00","35.25","35.55","34.90","11.91M","0.29%"
"04/23/2024","34.90","35.00","35.30","34.60","9.37M","1.01%"
"04/22/2024","34.55","34.20","35.15","34.10","14.55M","2.67%"
"04/19/2024","33.65","33.75","34.15","33.35","20.91M","-1.17%"
"04/18/2024","34.05","34.20","35.40","34.05","22.45M","-0.44%"
"04/17/2024","34.20","36.25","36.50","33.70","35.75M","-7.07%"
"04/16/2024","36.80","38.50","38.50","36.60","19.03M","-4.91%"
"04/15/2024","38.70","39.15","39.25","38.15","15.19M","-2.76%"
"04/12/2024","39.80","40.45","40.60","39.70","7.68M","-1.97%"
"04/11/2024","40.60","40.20","40.60","39.90","7.77M","-0.73%"
"04/10/2024","40.90","41.30","41.30","40.20","8.46M","0.12%"
"04/09/2024","40.85","40.95","41.55","40.70","8.40M","0.62%"
"04/08/2024","40.60","40.60","40.60","39.40","9.38M","0.00%"
"04/05/2024","40.60","40.70","40.75","39.60","8.99M","0.00%"
"04/03/2024","40.60","41.10","41.20","40.35","9.84M","-0.98%"
"04/02/2024","41.00","40.50","41.30","40.50","10.54M","4.33%"
"03/28/2024","39.30","39.55","39.95","39.20","8.40M","-0.76%"
"03/27/2024","39.60","39.70","40.20","39.50","10.04M","-0.50%"
"03/26/2024","39.80","39.90","40.15","39.40","9.04M","0.89%"
"03/25/2024","39.45","40.10","40.30","39.40","8.00M","-0.75%"
"03/22/2024","39.75","40.40","40.75","39.55","10.96M","-1.85%"
"03/21/2024","40.50","39.51","40.80","39.51","8.01M","3.82%"
"03/20/2024","39.01","39.56","39.56","39.01","8.16M","-1.13%"
"03/19/2024","39.46","39.26","39.81","39.01","6.63M","-0.62%"
"03/18/2024","39.71","39.76","40.15","39.61","5.34M","-0.62%"
"03/15/2024","39.95","40.25","40.35","39.56","8.14M","-1.59%"
"03/14/2024","40.60","40.75","41.24","40.25","6.14M","-0.37%"
"03/13/2024","40.75","40.30","41.05","40.15","7.80M","1.11%"
"03/12/2024","40.30","39.36","40.35","38.91","10.12M","3.05%"
"03/11/2024","39.11","38.71","39.51","38.71","9.35M","0.90%"
"03/08/2024","38.76","39.46","39.90","38.56","10.34M","-1.76%"
"03/07/2024","39.46","39.41","40.00","39.26","8.61M","0.25%"
"03/06/2024","39.36","38.71","39.61","38.71","9.22M","1.67%"
"03/05/2024","38.71","39.41","39.71","38.07","18.80M","-3.11%"
"03/04/2024","39.95","41.69","42.09","39.76","13.99M","-4.17%"
"03/01/2024","41.69","41.69","43.18","41.59","11.47M","-1.75%"
"02/29/2024","42.44","41.89","43.33","41.89","13.57M","1.66%"
"02/28/2024","41.74","42.58","43.08","41.49","12.87M","-2.32%"
"02/27/2024","42.73","43.33","43.38","41.79","9.74M","-1.37%"
"02/26/2024","43.33","43.13","43.92","43.13","4.85M","0.46%"
"02/23/2024","43.13","43.58","44.27","42.58","12.96M","-1.92%"
"02/22/2024","43.97","44.77","44.82","43.48","8.03M","-1.77%"
"02/21/2024","44.77","45.02","45.12","44.42","10.52M","-0.11%"
"02/20/2024","44.82","43.97","45.07","43.68","12.61M","2.03%"
"02/19/2024","43.92","45.31","45.36","43.33","10.59M","-3.07%"
"02/16/2024","45.31","44.17","45.56","43.92","11.05M","2.58%"
"02/15/2024","44.17","43.87","44.47","43.38","7.02M","0.34%"
"02/14/2024","44.02","42.83","44.42","42.24","16.29M","3.50%"
"02/09/2024","42.53","42.39","42.98","41.49","4.64M","0.35%"
"02/08/2024","42.39","42.68","43.13","42.34","5.06M","-0.58%"
"02/07/2024","42.63","43.13","43.48","42.04","9.41M","-0.23%"
"02/06/2024","42.73","42.78","43.68","42.49","14.53M","-0.12%"
"02/05/2024","42.78","42.58","43.33","42.39","8.99M","-0.46%"
"02/02/2024","42.98","42.98","43.58","42.73","13.43M","0.70%"
"02/01/2024","42.68","40.60","42.83","40.60","14.02M","5.91%"
"01/31/2024","40.30","40.55","41.59","40.15","8.33M","-0.61%"
"01/30/2024","40.55","41.19","41.29","40.30","8.29M","-2.04%"
"01/29/2024","41.39","41.44","41.99","41.19","7.99M","0.72%"
"01/26/2024","41.10","40.45","42.09","40.20","10.15M","1.97%"
"01/25/2024","40.30","40.00","40.70","39.36","6.21M","0.74%"
"01/24/2024","40.00","38.51","40.20","38.51","6.46M","4.68%"
"01/23/2024","38.22","38.02","38.81","37.47","7.29M","0.52%"
"01/22/2024","38.02","39.90","40.35","37.57","8.69M","-4.25%"
"01/19/2024","39.71","40.05","40.55","39.46","7.86M","0.63%"
"01/18/2024","39.46","38.51","39.61","38.47","8.39M","2.45%"
"01/17/2024","38.51","39.61","39.71","38.32","12.42M","-2.76%"
"01/16/2024","39.61","39.51","39.85","39.21","6.60M","-0.25%"
"01/15/2024","39.71","40.25","40.25","39.41","6.40M","-1.36%"
"01/12/2024","40.25","40.65","41.19","40.05","4.84M","-0.98%"
"01/11/2024","40.65","40.25","41.19","39.95","8.30M","0.99%"
"01/10/2024","40.25","40.35","40.90","39.90","5.01M","-1.22%"
"01/09/2024","40.75","41.10","41.15","40.10","13.95M","-0.97%"
"01/08/2024","41.15","42.44","43.38","40.95","8.41M","-3.27%"
"01/05/2024","42.53","43.78","44.07","42.44","7.60M","-2.83%"
"01/04/2024","43.78","44.22","44.22","43.68","4.77M","-0.23%"
"01/03/2024","43.87","43.83","44.12","43.53","4.90M","-0.56%"
"01/02/2024","44.12","44.52","44.82","43.53","6.92M","1.60%"
"12/29/2023","43.43","43.23","44.02","43.18","2.79M","0.00%"
"12/28/2023","43.43","42.19","43.63","41.49","7.35M","3.43%"
"12/27/2023","41.99","42.14","42.19","41.64","4.48M","-0.35%"
"12/22/2023","42.14","42.68","43.03","41.89","11.64M","-0.12%"
"12/21/2023","42.19","41.79","42.19","41.00","8.13M","-0.82%"
"12/20/2023","42.53","42.39","42.78","41.89","5.27M","1.78%"
"12/19/2023","41.79","41.69","42.14","41.10","3.85M","0.24%"
"12/18/2023","41.69","41.99","42.39","41.34","5.22M","-1.18%"
"12/15/2023","42.19","41.64","42.88","41.64","9.15M","2.29%"
"12/14/2023","41.24","41.99","41.99","40.95","7.59M","0.85%"
"12/13/2023","40.90","40.75","41.10","40.60","2.95M","0.12%"
"12/12/2023","40.85","41.24","41.34","40.40","6.07M","0.00%"
"12/11/2023","40.85","39.81","41.15","39.81","6.88M","-1.79%"
"12/08/2023","41.59","40.85","41.69","40.60","6.66M","2.07%"
"12/07/2023","40.75","40.70","41.05","39.66","9.56M","0.12%"
"12/06/2023","40.70","41.15","41.74","40.65","8.93M","-0.73%"
"12/05/2023","41.00","40.40","41.24","40.00","8.51M","1.35%"
"12/04/2023","40.45","40.00","41.15","40.00","8.51M","-0.37%"
"12/01/2023","40.60","40.20","41.19","39.81","8.25M","1.24%"
"11/30/2023","40.10","39.95","40.20","39.21","12.01M","0.37%"
"11/29/2023","39.95","42.14","42.14","39.71","13.45M","-4.85%"
"11/28/2023","41.99","43.03","43.03","41.89","3.73M","-1.63%"
"11/27/2023","42.68","43.03","43.28","42.24","3.68M","-0.81%"
"11/24/2023","43.03","43.03","43.48","42.73","3.51M","-0.91%"
"11/23/2023","43.43","43.43","43.48","42.78","4.10M","-0.11%"
"11/22/2023","43.48","43.87","44.12","43.43","3.47M","-0.90%"
"11/21/2023","43.87","43.68","44.57","43.68","7.63M","0.68%"
"11/20/2023","43.58","42.68","44.17","42.53","6.40M","1.86%"
"11/17/2023","42.78","42.49","42.93","42.19","4.91M","0.47%"
"11/16/2023","42.58","43.28","43.28","42.24","6.80M","-0.69%"
"11/15/2023","42.88","42.49","43.08","42.14","6.85M","3.97%"
"11/14/2023","41.24","41.34","41.59","40.50","5.37M","0.48%"
"11/13/2023","41.05","40.70","41.64","40.20","9.55M","0.24%"
"11/10/2023","40.95","43.58","43.73","40.05","18.79M","-6.46%"
"11/09/2023","43.78","44.67","44.72","43.78","13.38M","-1.67%"
"11/08/2023","44.52","44.72","44.82","44.12","5.53M","-0.22%"
"11/07/2023","44.62","45.66","45.66","44.42","7.95M","-2.28%"
"11/06/2023","45.66","44.97","46.26","44.82","7.09M","2.68%"
"11/03/2023","44.47","43.48","44.57","43.23","3.82M","2.75%"
"11/02/2023","43.28","44.17","44.32","43.18","3.08M","-0.91%"
"11/01/2023","43.68","43.83","44.47","43.38","5.35M","0.34%"
"10/31/2023","43.53","43.97","44.17","43.03","6.49M","-1.02%"
"10/30/2023","43.97","43.08","44.22","43.08","5.60M","0.68%"
"10/27/2023","43.68","44.32","44.32","43.13","5.59M","-0.23%"
"10/26/2023","43.78","43.68","44.07","43.33","5.04M","0.34%"
"10/25/2023","43.63","44.02","44.37","43.43","5.28M","1.15%"
"10/24/2023","43.13","43.33","44.17","41.94","5.62M","-0.57%"
"10/20/2023","43.38","42.58","43.48","42.44","6.59M","0.92%"
"10/19/2023","42.98","42.68","43.48","42.49","9.09M","-0.46%"
"10/18/2023","43.18","43.38","43.43","42.63","9.08M","-0.68%"
"10/17/2023","43.48","43.83","44.17","42.88","7.83M","0.00%"
"10/16/2023","43.48","44.67","44.97","42.93","7.40M","-2.99%"
"10/13/2023","44.82","45.22","45.61","44.42","5.27M","-2.38%"
"10/12/2023","45.91","45.81","46.06","45.22","7.28M","0.98%"
"10/11/2023","45.46","46.41","46.41","45.36","4.60M","-0.76%"
"10/10/2023","45.81","45.66","46.21","45.41","6.12M","1.76%"
"10/09/2023","45.02","45.66","45.71","44.72","6.92M","-1.63%"
"10/06/2023","45.76","45.61","46.11","45.61","3.95M","1.10%"
"10/05/2023","45.26","45.02","46.01","45.02","4.77M","0.77%"
"10/04/2023","44.92","45.96","46.01","44.72","5.31M","-2.58%"
"10/03/2023","46.11","46.06","46.31","45.26","10.49M","-1.48%"
"09/29/2023","46.80","45.07","47.30","44.92","11.97M","4.20%"
"09/28/2023","44.92","47.50","47.60","44.87","19.97M","-5.73%"
"09/27/2023","47.65","47.35","48.09","47.35","6.73M","-0.62%"
"09/26/2023","47.94","48.44","48.84","47.65","6.56M","-0.51%"
"09/25/2023","48.19","50.72","50.92","47.75","13.51M","-5.36%"
"09/22/2023","50.92","50.18","50.92","49.98","4.76M","0.88%"
"09/21/2023","50.48","51.17","51.32","50.18","5.12M","-0.97%"
"09/20/2023","50.97","50.53","51.37","50.53","4.02M","0.49%"
"09/19/2023","50.73","51.27","51.27","50.53","3.17M","-0.19%"
"09/18/2023","50.82","49.79","51.07","48.85","5.55M","1.78%"
"09/15/2023","49.93","49.79","50.43","49.24","4.01M","0.50%"
"09/14/2023","49.69","49.69","49.98","49.34","3.12M","0.10%"
"09/13/2023","49.64","49.59","50.38","49.29","3.81M","0.20%"
"09/12/2023","49.54","48.75","49.93","48.50","4.46M","1.42%"
"09/11/2023","48.85","49.14","49.14","48.20","6.57M","-0.60%"
"09/07/2023","49.14","49.49","49.69","48.95","4.14M","-1.49%"
"09/06/2023","49.88","49.93","50.03","49.49","3.89M","-0.49%"
"09/05/2023","50.13","51.07","51.07","49.64","7.10M","-1.84%"
"09/04/2023","51.07","52.31","52.41","50.73","8.77M","-0.48%"
"08/31/2023","51.32","51.52","51.52","50.73","7.48M","0.39%"
"08/30/2023","51.12","50.68","51.52","50.68","6.07M","1.27%"
"08/29/2023","50.48","50.43","50.97","50.03","5.88M","1.69%"
"08/28/2023","49.64","50.77","50.92","49.64","3.19M","0.60%"
"08/25/2023","49.34","49.44","49.84","49.24","4.61M","-1.87%"
"08/24/2023","50.28","49.74","50.43","49.34","5.21M","2.31%"
"08/23/2023","49.14","50.77","50.77","48.95","6.03M","-2.45%"
"08/22/2023","50.38","49.14","50.53","48.90","12.32M","2.93%"
"08/21/2023","48.95","49.93","50.23","48.06","11.18M","-2.46%"
"08/18/2023","50.18","51.12","51.52","50.03","11.62M","-3.33%"
"08/17/2023","51.91","51.42","52.41","50.92","8.61M","-0.38%"
"08/16/2023","52.11","52.11","52.41","51.91","6.22M","-1.31%"
"08/15/2023","52.80","53.30","53.39","52.46","6.63M","-1.11%"
"08/14/2023","53.39","53.15","53.49","52.55","5.52M","-1.01%"
"08/11/2023","53.94","54.33","54.88","53.74","5.94M","-1.89%"
"08/10/2023","54.98","54.04","55.13","53.64","4.64M","1.74%"
"08/09/2023","54.04","54.38","54.48","53.69","5.49M","-0.64%"
"08/08/2023","54.38","54.98","55.27","54.38","6.67M","-1.17%"
"08/07/2023","55.03","53.94","55.17","53.59","4.83M","1.00%"
"08/04/2023","54.48","55.42","55.97","54.33","4.38M","-0.63%"
"08/03/2023","54.83","54.19","55.37","53.69","4.39M","1.00%"
"08/02/2023","54.28","55.37","55.47","53.94","5.96M","-1.96%"
"08/01/2023","55.37","56.21","56.21","54.58","8.85M","-1.06%"
"07/31/2023","55.97","56.81","56.95","55.87","9.03M","-0.18%"
"07/28/2023","56.06","56.02","56.21","55.67","5.49M","0.09%"
"07/27/2023","56.02","54.24","56.16","53.99","15.47M","3.85%"
"07/26/2023","53.94","52.75","54.09","52.46","5.11M","2.15%"
"07/25/2023","52.80","53.10","53.49","52.50","5.48M","0.66%"
"07/24/2023","52.46","52.50","53.25","52.11","7.22M","-1.30%"
"07/21/2023","53.15","52.31","53.15","52.11","5.94M","0.37%"
"07/20/2023","52.95","53.30","53.74","52.55","4.27M","-0.46%"
"07/19/2023","53.20","52.21","53.44","52.21","7.44M","-0.09%"
"07/18/2023","53.25","53.44","53.84","52.36","5.14M","-1.10%"
"07/14/2023","53.84","53.59","54.28","53.25","12.46M","1.68%"
"07/13/2023","52.95","52.46","53.35","52.16","7.16M","1.52%"
"07/12/2023","52.16","51.86","52.31","51.71","3.89M","1.05%"
"07/11/2023","51.61","49.79","52.11","49.79","9.46M","4.30%"
"07/10/2023","49.49","49.64","49.98","49.24","4.45M","0.91%"
"07/07/2023","49.04","49.34","49.74","48.30","6.98M","-0.70%"
"07/06/2023","49.39","49.93","50.48","49.04","5.91M","-1.77%"
"07/05/2023","50.28","51.02","51.02","50.08","3.53M","-1.45%"
"07/04/2023","51.02","51.12","51.37","50.43","3.87M","-0.19%"
"07/03/2023","51.12","49.19","51.42","49.19","7.96M","4.02%"
"06/30/2023","49.14","49.93","50.13","49.09","8.09M","-1.58%"
"06/29/2023","49.93","50.87","50.87","49.59","5.20M","-2.13%"
"06/28/2023","51.02","50.48","51.22","49.84","5.57M","1.98%"
"06/27/2023","50.03","50.23","50.58","49.14","8.61M","-0.39%"
"06/26/2023","50.23","51.71","51.86","50.08","6.79M","-2.40%"
"06/23/2023","51.47","51.81","52.06","50.97","5.18M","-1.23%"
"06/21/2023","52.11","52.60","52.65","51.47","5.14M","-1.31%"
"06/20/2023","52.80","52.06","53.30","52.06","7.43M","1.71%"
"06/19/2023","51.91","52.75","52.75","51.47","6.76M","-0.94%"
"06/16/2023","52.41","51.17","52.80","50.87","11.04M","2.32%"
"06/15/2023","51.22","51.42","51.42","50.43","4.92M","0.88%"
"06/14/2023","50.77","50.68","51.47","50.48","5.03M","-0.68%"
"06/13/2023","51.12","50.87","51.22","50.43","2.64M","0.49%"
"06/12/2023","50.87","50.03","51.17","49.98","3.52M","1.68%"
"06/09/2023","50.03","49.98","50.48","49.74","4.41M","0.70%"
"06/08/2023","49.69","50.23","50.28","49.29","4.36M","-1.66%"
"06/07/2023","50.53","49.93","51.12","49.64","5.06M","2.61%"
"06/06/2023","49.24","49.54","50.13","48.85","4.04M","-0.90%"
"06/05/2023","49.69","49.24","50.23","49.24","4.67M","0.90%"
"06/02/2023","49.24","47.66","49.79","47.66","12.36M","4.18%"
"06/01/2023","47.26","48.01","48.60","47.02","5.23M","-1.54%"
"05/31/2023","48.01","48.70","49.69","46.97","19.61M","-3.29%"
"05/30/2023","49.64","48.60","49.74","48.45","6.17M","2.14%"
"05/29/2023","48.60","49.34","49.64","48.35","3.64M","-0.41%"
"05/25/2023","48.80","48.99","49.04","47.76","9.49M","-1.10%"
"05/24/2023","49.34","51.42","51.42","48.90","13.67M","-4.31%"
"05/23/2023","51.57","51.86","52.26","51.12","8.25M","0.10%"
"05/22/2023","51.52","51.96","52.55","51.27","4.96M","0.19%"
"05/19/2023","51.42","50.92","51.71","50.53","4.24M","0.19%"
"05/18/2023","51.32","50.82","51.42","50.58","6.44M","1.67%"
"05/17/2023","50.48","50.73","51.52","50.28","5.89M","-1.83%"
"05/16/2023","51.42","51.66","52.36","51.12","6.29M","0.10%"
"05/15/2023","51.37","50.33","51.52","50.03","5.33M","1.76%"
"05/12/2023","50.48","50.97","51.17","50.33","6.47M","-0.97%"
"05/11/2023","50.97","51.37","51.37","50.73","6.67M","-0.77%"
"05/10/2023","51.37","50.63","51.71","50.03","8.45M","1.46%"
"05/09/2023","50.63","52.50","52.50","50.23","10.98M","-3.76%"
"05/08/2023","52.60","53.25","53.44","52.21","4.15M","-1.21%"
"05/05/2023","53.25","54.14","54.19","52.90","6.71M","-1.55%"
"05/04/2023","54.09","54.38","54.78","53.15","9.69M","-1.71%"
"05/03/2023","55.03","56.06","56.06","54.33","12.06M","-1.85%"
"05/02/2023","56.06","57.50","57.50","55.03","12.32M","2.16%"
"04/28/2023","54.88","53.39","55.67","53.39","16.41M","2.87%"
"04/27/2023","53.35","53.49","54.24","52.95","8.47M","-0.64%"
"04/26/2023","53.69","54.43","54.63","53.00","13.65M","-1.09%"
"04/25/2023","54.28","55.37","55.97","54.19","8.71M","-3.26%"
"04/24/2023","56.11","57.05","57.50","55.22","7.37M","-1.56%"
"04/21/2023","57.00","57.60","57.60","56.11","6.73M","-1.11%"
"04/20/2023","57.65","59.03","59.13","57.15","14.36M","0.60%"
"04/19/2023","57.30","55.72","57.65","55.47","18.42M","4.41%"
"04/18/2023","54.88","55.27","55.87","54.83","4.72M","-0.80%"
"04/17/2023","55.32","53.20","55.52","53.00","8.87M","4.00%"
"04/14/2023","53.20","53.79","53.79","52.60","5.11M","-0.83%"
"04/13/2023","53.64","53.94","53.94","52.36","6.38M","-1.72%"
"04/12/2023","54.58","55.27","55.27","54.14","7.87M","0.36%"
"04/11/2023","54.38","55.27","55.27","53.49","5.59M","0.55%"
"04/06/2023","54.09","55.03","55.08","53.49","6.76M","-2.76%"
"04/04/2023","55.62","55.17","55.67","54.48","6.99M","1.26%"
"04/03/2023","54.93","53.35","55.17","52.90","15.88M","5.91%"
"03/31/2023","51.86","51.12","53.00","51.12","11.97M","1.65%"
"03/30/2023","51.02","51.32","51.32","50.53","6.06M","0.39%"
"03/29/2023","50.82","51.37","52.01","50.48","8.39M","-0.39%"
"03/28/2023","51.02","51.81","51.81","50.58","6.84M","-0.39%"
"03/27/2023","51.22","51.07","51.81","50.63","4.64M","0.39%"
"03/24/2023","51.02","50.77","51.57","50.63","4.00M","-0.77%"
"03/23/2023","51.42","51.32","51.42","50.77","5.45M","0.68%"
"03/22/2023","51.07","50.33","51.32","50.33","11.28M","1.67%"
"03/21/2023","50.23","49.93","50.38","49.64","5.01M","1.30%"
"03/20/2023","49.59","50.82","50.97","49.04","9.58M","-2.90%"
"03/17/2023","51.07","50.43","51.37","50.43","6.30M","2.48%"
"03/16/2023","49.84","50.08","50.28","49.54","6.84M","-1.18%"
"03/15/2023","50.43","50.92","51.81","50.43","8.97M","-0.20%"
"03/14/2023","50.53","51.71","52.31","50.38","7.12M","-2.29%"
"03/13/2023","51.71","50.13","52.21","50.08","9.47M","3.05%"
"03/10/2023","50.18","51.91","52.06","49.93","12.38M","-4.06%"
"03/09/2023","52.31","51.86","52.85","51.47","6.24M","0.86%"
"03/08/2023","51.86","52.95","53.44","51.52","10.08M","-2.78%"
"03/07/2023","53.35","53.89","54.58","53.20","8.13M","-0.64%"
"03/06/2023","53.69","52.31","54.09","52.31","9.66M","2.55%"
"03/03/2023","52.36","52.60","53.10","52.26","14.38M","0.28%"
"03/02/2023","52.21","53.30","54.14","51.76","16.44M","-1.95%"
"03/01/2023","53.25","51.76","53.69","51.66","16.95M","3.16%"
"02/28/2023","51.61","52.31","52.85","51.42","6.42M","0.10%"
"02/27/2023","51.57","52.65","53.10","51.12","11.54M","-2.07%"
"02/24/2023","52.65","52.60","54.58","52.36","21.47M","2.60%"
"02/23/2023","51.32","51.42","52.31","51.12","6.24M","0.29%"
"02/22/2023","51.17","51.12","51.57","50.43","5.51M","0.19%"
"02/21/2023","51.07","50.82","51.52","50.63","6.20M","-0.19%"
"02/20/2023","51.17","51.91","51.91","50.28","5.66M","-0.86%"
"02/17/2023","51.61","51.91","52.21","51.12","6.66M","-0.57%"
"02/16/2023","51.91","53.05","53.49","51.66","7.31M","-1.69%"
"02/15/2023","52.80","53.00","53.30","52.21","5.35M","-0.37%"
"02/14/2023","53.00","53.74","53.84","52.90","4.02M","-0.92%"
"02/13/2023","53.49","53.89","53.89","52.11","4.04M","0.46%"
"02/10/2023","53.25","53.44","54.58","53.25","4.05M","-1.01%"
"02/09/2023","53.79","52.11","53.79","52.11","6.68M","3.23%"
"02/08/2023","52.11","52.26","52.90","52.11","5.76M","-0.28%"
"02/07/2023","52.26","53.84","53.94","52.21","10.26M","-2.58%"
"02/06/2023","53.64","53.79","53.84","52.95","9.37M","-1.00%"
"02/03/2023","54.19","54.58","54.58","53.79","8.41M","-0.99%"
"02/02/2023","54.73","56.11","56.11","53.49","14.96M","-1.86%"
"02/01/2023","55.77","54.38","56.11","54.09","20.74M","3.68%"
"01/31/2023","53.79","53.79","53.79","52.80","14.25M","0.65%"
"01/30/2023","53.44","54.38","54.38","53.15","13.97M","-1.01%"
"01/27/2023","53.99","54.38","54.38","53.05","6.61M","0.46%"
"01/26/2023","53.74","54.88","55.82","53.54","13.57M","-1.00%"
"01/20/2023","54.28","53.74","54.38","53.44","7.86M","1.01%"
"01/19/2023","53.74","53.59","54.28","53.25","7.62M","-1.00%"
"01/18/2023","54.28","52.01","54.48","51.96","16.70M","3.68%"
"01/17/2023","52.36","53.30","53.59","52.26","6.97M","-2.22%"
"01/16/2023","53.54","53.49","53.79","53.10","10.67M","1.40%"
"01/13/2023","52.80","52.90","53.30","51.61","12.37M","0.38%"
"01/12/2023","52.60","52.70","53.39","51.42","11.06M","0.47%"
"01/11/2023","52.36","52.70","53.30","52.11","15.09M","-1.03%"
"01/10/2023","52.90","52.90","53.64","51.76","11.04M","0.56%"
"01/09/2023","52.60","51.37","52.60","51.32","18.64M","4.21%"
"01/06/2023","50.48","52.01","52.36","49.79","25.54M","-3.50%"
"01/05/2023","52.31","54.28","54.28","52.01","17.26M","-2.49%"
"01/04/2023","53.64","54.28","54.28","52.60","9.54M","1.21%"
"01/03/2023","53.00","51.02","54.09","50.33","10.35M","3.88%"
"12/30/2022","51.02","52.16","52.21","50.97","5.16M","-0.58%"
"12/29/2022","51.32","51.27","51.96","50.48","7.48M","-0.57%"
"12/28/2022","51.61","51.42","52.26","50.77","10.95M","2.05%"
"12/23/2022","50.58","50.97","51.12","50.13","3.64M","-1.06%"
"12/22/2022","51.12","50.92","51.17","49.74","9.19M","2.38%"
"12/21/2022","49.93","49.88","50.33","49.09","5.75M","0.60%"
"12/20/2022","49.64","49.34","50.18","48.70","8.79M","0.10%"
"12/19/2022","49.59","51.37","52.16","49.14","9.03M","-4.48%"
"12/16/2022","51.91","51.22","51.91","50.48","13.28M","1.25%"
"12/15/2022","51.27","51.81","51.86","50.63","6.60M","-1.24%"
"12/14/2022","51.91","52.31","52.36","51.22","9.68M","-0.19%"
"12/13/2022","52.01","51.27","53.00","51.07","12.74M","2.43%"
"12/12/2022","50.77","51.81","52.75","50.28","12.36M","-2.93%"
"12/09/2022","52.31","52.06","53.00","50.33","18.74M","0.57%"
"12/08/2022","52.01","50.28","52.70","50.28","16.63M","5.62%"
"12/07/2022","49.24","50.97","53.74","48.99","22.73M","-3.58%"
"12/06/2022","51.07","50.63","51.66","50.08","13.49M","0.49%"
"12/05/2022","50.82","49.19","51.61","48.35","24.49M","6.09%"
"12/02/2022","47.91","48.01","48.90","47.02","13.28M","0.31%"
"12/01/2022","47.76","47.81","50.03","47.51","27.66M","3.43%"
"11/30/2022","46.18","45.14","46.32","44.35","12.65M","2.30%"
"11/29/2022","45.14","43.41","45.24","42.96","13.37M","6.04%"
"11/28/2022","42.57","40.05","43.16","40.05","15.85M","0.47%"
"11/25/2022","42.37","42.77","42.77","42.12","4.76M","-0.92%"
"11/24/2022","42.77","43.31","43.41","42.32","6.09M","0.12%"
"11/23/2022","42.72","43.01","43.01","42.17","5.56M","-0.69%"
"11/22/2022","43.01","42.96","43.36","42.37","6.56M","0.58%"
"11/21/2022","42.77","44.35","44.35","41.97","18.35M","-5.77%"
"11/18/2022","45.39","47.21","47.46","45.19","10.46M","-2.96%"
"11/17/2022","46.77","46.28","47.26","45.34","15.74M","0.96%"
"11/16/2022","46.32","46.18","46.97","45.58","13.92M","0.97%"
"11/15/2022","45.88","45.44","47.76","45.34","17.91M","1.75%"
"11/14/2022","45.09","47.21","47.21","44.79","19.56M","-0.33%"
"11/11/2022","45.24","44.35","45.48","42.96","21.53M","8.28%"
"11/10/2022","41.78","41.63","42.27","40.79","8.05M","-1.74%"
"11/09/2022","42.52","43.51","43.80","42.02","8.23M","-1.38%"
"11/08/2022","43.11","42.32","43.16","41.48","8.32M","2.71%"
"11/07/2022","41.97","40.79","42.81","39.95","10.96M","0.71%"
"11/04/2022","41.68","40.29","42.81","40.29","21.39M","3.95%"
"11/03/2022","40.10","39.55","41.08","39.35","10.37M","-2.52%"
"11/02/2022","41.13","38.07","41.73","37.67","17.70M","6.67%"
"11/01/2022","38.56","35.89","38.96","34.61","22.52M","8.79%"
"10/31/2022","35.45","34.21","36.63","33.17","18.44M","1.85%"
"10/28/2022","34.81","37.38","37.43","34.66","14.13M","-6.88%"
"10/27/2022","37.38","37.67","38.27","37.23","11.10M","1.20%"
"10/26/2022","36.93","36.39","39.01","35.65","36.60M","1.49%"
"10/25/2022","36.39","36.29","36.88","34.85","15.77M","0.41%"
"10/24/2022","36.24","39.35","39.35","35.89","25.38M","-7.91%"
"10/21/2022","39.35","40.54","40.59","38.37","15.08M","-1.12%"
"10/20/2022","39.80","40.14","41.33","39.16","19.81M","-1.71%"
"10/19/2022","40.49","42.22","42.32","40.14","8.78M","-4.10%"
"10/18/2022","42.22","42.37","42.96","40.94","12.95M","1.07%"
"10/17/2022","41.78","42.32","42.57","41.28","10.31M","-1.40%"
"10/14/2022","42.37","42.81","43.36","42.12","8.32M","0.12%"
"10/13/2022","42.32","43.11","43.51","41.88","7.28M","-1.95%"
"10/12/2022","43.16","43.90","44.30","41.78","13.50M","-2.78%"
"10/11/2022","44.40","45.93","45.93","43.61","11.36M","-3.34%"
"10/10/2022","45.93","47.76","47.76","45.63","9.66M","-4.52%"
"10/07/2022","48.10","48.35","49.19","47.71","8.58M","-0.51%"
"10/06/2022","48.35","48.35","48.70","48.06","5.27M","0.00%"
"10/05/2022","48.35","47.96","49.04","46.87","21.33M","5.39%"
"10/03/2022","45.88","44.94","45.98","44.50","7.32M","0.00%"
"09/30/2022","45.88","45.34","46.32","44.94","9.98M","2.32%"
"09/29/2022","44.84","46.28","46.47","44.59","8.82M","-1.63%"
"09/28/2022","45.58","46.72","46.97","45.14","14.06M","-2.64%"
"09/27/2022","46.82","46.77","47.02","45.78","14.33M","0.64%"
"09/26/2022","46.52","46.47","48.15","46.23","34.07M","7.18%"
"09/23/2022","43.41","43.51","43.61","42.62","6.59M","-0.23%"
"09/22/2022","43.51","43.70","43.80","42.57","8.60M","-2.55%"
"09/21/2022","44.64","44.50","44.79","43.80","9.22M","0.11%"
"09/20/2022","44.59","42.91","44.64","42.72","12.59M","4.28%"
"09/19/2022","42.77","43.31","43.36","42.52","3.73M","-1.37%"
"09/16/2022","43.36","42.37","44.94","42.12","10.94M","1.98%"
"09/15/2022","42.52","42.77","43.51","42.27","4.80M","-0.58%"
"09/14/2022","42.77","41.48","43.01","41.43","5.24M","0.35%"
"09/13/2022","42.62","42.07","43.26","42.02","5.73M","1.77%"
"09/09/2022","41.88","41.28","42.17","41.23","3.93M","2.17%"
"09/08/2022","40.99","41.33","41.73","40.74","3.63M","0.12%"
"09/07/2022","40.94","41.03","41.28","40.39","8.01M","-2.24%"
"09/06/2022","41.88","41.92","42.32","41.58","2.59M","0.47%"
"09/05/2022","41.68","42.47","42.47","41.38","5.18M","-2.09%"
"09/02/2022","42.57","41.97","43.06","41.92","3.86M","0.12%"
"09/01/2022","42.52","42.96","43.16","42.17","6.63M","-2.49%"
"08/31/2022","43.61","42.52","43.95","42.52","7.19M","0.80%"
"08/30/2022","43.26","43.61","43.80","42.67","4.85M","-0.46%"
"08/29/2022","43.46","42.91","43.61","42.62","6.22M","-0.68%"
"08/26/2022","43.75","43.80","44.55","43.61","7.34M","0.45%"
"08/25/2022","43.56","43.01","43.80","42.57","4.93M","1.26%"
"08/24/2022","43.01","43.85","43.85","42.62","6.12M","-1.92%"
"08/23/2022","43.85","45.09","45.09","42.52","11.63M","-2.74%"
"08/22/2022","45.09","45.14","45.29","44.40","4.13M","-0.76%"
"08/19/2022","45.44","45.24","46.03","45.09","5.50M","-0.65%"
"08/18/2022","45.73","46.92","46.92","45.24","4.12M","-2.12%"
"08/17/2022","46.72","46.92","47.26","46.57","2.76M","0.53%"
"08/16/2022","46.47","46.92","47.17","45.98","4.78M","-0.74%"
"08/15/2022","46.82","46.97","47.76","46.72","4.38M","-0.63%"
"08/12/2022","47.12","47.12","47.26","46.52","6.19M","0.95%"
"08/11/2022","46.67","46.67","46.92","45.98","5.47M","1.61%"
"08/10/2022","45.93","46.82","46.82","45.58","3.53M","-1.59%"
"08/09/2022","46.67","46.03","47.26","45.93","6.15M","1.07%"
"08/08/2022","46.18","46.52","46.62","45.63","3.65M","-0.74%"
"08/05/2022","46.52","46.37","47.12","46.13","3.32M","0.32%"
"08/04/2022","46.37","46.08","46.47","45.68","3.93M","0.86%"
"08/03/2022","45.98","46.13","47.17","45.44","5.86M","1.20%"
"08/02/2022","45.44","44.99","45.63","44.20","7.42M","-0.76%"
"08/01/2022","45.78","46.67","46.72","45.48","4.71M","-0.86%"
"07/29/2022","46.18","46.62","47.17","45.73","9.47M","-1.48%"
"07/28/2022","46.87","45.48","46.87","44.99","12.36M","3.83%"
"07/27/2022","45.14","45.58","45.78","44.45","3.39M","-1.72%"
"07/26/2022","45.93","45.09","46.08","44.99","8.56M","1.86%"
"07/25/2022","45.09","44.05","45.34","44.05","5.34M","1.56%"
"07/22/2022","44.40","44.00","44.69","43.90","6.08M","1.13%"
"07/21/2022","43.90","45.29","45.58","43.70","7.85M","-3.06%"
"07/20/2022","45.29","44.84","45.44","44.64","6.36M","1.55%"
"07/19/2022","44.59","44.74","45.09","43.85","9.24M","-1.53%"
"07/18/2022","45.29","45.39","45.68","44.64","3.42M","1.33%"
"07/15/2022","44.69","45.63","45.73","44.20","5.19M","-0.88%"
"07/14/2022","45.09","44.59","45.29","44.30","3.48M","0.77%"
"07/13/2022","44.74","44.30","45.24","44.25","4.10M","1.46%"
"07/12/2022","44.10","44.79","44.99","43.66","5.55M","-1.55%"
"07/11/2022","44.79","45.73","45.73","43.61","11.40M","-4.93%"
"07/08/2022","47.12","47.46","47.51","46.47","7.70M","1.06%"
"07/07/2022","46.62","45.24","47.07","44.94","9.79M","3.06%"
"07/06/2022","45.24","46.03","46.47","44.69","10.55M","-1.40%"
"07/05/2022","45.88","46.62","46.67","45.58","4.60M","-0.32%"
"07/04/2022","46.03","46.28","46.37","44.30","10.40M","-0.53%"
"06/30/2022","46.28","45.93","46.67","45.73","9.06M","-0.95%"
"06/29/2022","46.72","45.88","47.46","45.88","21.19M","-1.05%"
"06/28/2022","47.21","43.75","47.46","42.67","39.19M","7.91%"
"06/27/2022","43.75","41.97","43.95","41.92","17.03M","5.36%"
"06/24/2022","41.53","40.29","41.63","40.19","9.61M","3.07%"
"06/23/2022","40.29","40.00","40.69","39.60","13.89M","0.74%"
"06/22/2022","40.00","40.34","41.08","40.00","6.38M","-1.46%"
"06/21/2022","40.59","39.85","41.38","39.60","6.84M","1.61%"
"06/20/2022","39.95","39.40","40.34","38.12","12.24M","-0.98%"
"06/17/2022","40.34","40.24","40.59","39.85","5.54M","-0.49%"
"06/16/2022","40.54","41.13","41.78","40.19","5.94M","-0.36%"
"06/15/2022","40.69","40.54","41.23","40.39","6.89M","-0.24%"
"06/14/2022","40.79","40.99","40.99","39.95","6.77M","-0.60%"
"06/13/2022","41.03","42.02","42.22","40.99","9.45M","-4.82%"
"06/10/2022","43.11","42.81","43.51","42.42","15.97M","-0.91%"
"06/09/2022","43.51","43.90","44.45","43.31","14.64M","-1.23%"
"06/08/2022","44.05","42.12","44.30","41.78","20.26M","5.69%"
"06/07/2022","41.68","41.28","41.88","41.03","8.11M","-0.47%"
"06/06/2022","41.88","41.28","42.12","40.84","15.49M","2.54%"
"06/02/2022","40.84","40.89","41.23","40.59","4.46M","-0.48%"
"06/01/2022","41.03","41.13","41.28","40.34","6.00M","-0.84%"
"05/31/2022","41.38","41.08","41.73","40.89","11.07M","0.72%"
"05/30/2022","41.08","40.29","41.23","40.29","13.65M","1.59%"
"05/27/2022","40.44","39.80","40.89","39.80","10.02M","3.54%"
"05/26/2022","39.06","38.66","39.16","38.51","5.52M","0.15%"
"05/25/2022","39.00","39.00","39.65","38.70","8.33M","0.13%"
"05/24/2022","38.95","41.10","41.10","38.80","19.95M","-5.23%"
"05/23/2022","41.10","42.05","42.05","40.85","7.22M","-1.56%"
"05/20/2022","41.75","42.00","42.20","41.35","8.62M","1.95%"
"05/19/2022","40.95","41.40","41.55","40.75","7.48M","-3.08%"
"05/18/2022","42.25","42.35","42.40","41.80","7.16M","0.12%"
"05/17/2022","42.20","42.05","42.75","41.95","13.17M","0.96%"
"05/16/2022","41.80","43.05","43.95","41.60","14.30M","0.60%"
"05/13/2022","41.55","40.70","41.85","40.50","10.50M","2.09%"
"05/12/2022","40.70","41.80","41.95","40.50","6.85M","-3.21%"
"05/11/2022","42.05","41.50","42.65","40.70","8.38M","1.33%"
"05/10/2022","41.50","41.80","41.95","40.70","11.35M","-3.71%"
"05/06/2022","43.10","44.90","44.90","43.00","11.43M","-4.65%"
"05/05/2022","45.20","45.75","46.55","45.20","6.57M","-1.31%"
"05/04/2022","45.80","46.20","46.70","45.30","6.07M","-0.87%"
"05/03/2022","46.20","45.60","46.60","45.40","12.32M","1.32%"
"04/29/2022","45.60","45.25","47.05","44.95","16.07M","0.77%"
"04/28/2022","45.25","47.00","47.00","44.30","12.01M","1.00%"
"04/27/2022","44.80","43.65","45.20","43.30","17.92M","1.47%"
"04/26/2022","44.15","43.35","44.60","43.35","12.79M","2.20%"
"04/25/2022","43.20","43.50","43.90","42.55","13.57M","-2.26%"
"04/22/2022","44.20","45.30","45.30","43.65","18.02M","-3.39%"
"04/21/2022","45.75","47.00","47.20","45.55","8.92M","-2.66%"
"04/20/2022","47.00","45.50","48.20","45.45","11.57M","3.30%"
"04/19/2022","45.50","45.25","45.90","44.65","6.31M","-1.41%"
"04/14/2022","46.15","45.40","46.50","45.35","6.28M","1.43%"
"04/13/2022","45.50","45.35","46.45","45.00","4.25M","0.44%"
"04/12/2022","45.30","44.50","46.50","43.55","15.14M","1.80%"
"04/11/2022","44.50","45.25","45.70","44.40","20.66M","-2.73%"
"04/08/2022","45.75","45.65","46.10","45.35","9.90M","-0.54%"
"04/07/2022","46.00","46.20","46.45","45.80","16.28M","-0.97%"
"04/06/2022","46.45","47.05","47.05","45.80","9.69M","-1.28%"
"04/04/2022","47.05","47.00","47.50","46.45","11.40M","0.11%"
"04/01/2022","47.00","46.45","47.10","46.40","8.42M","0.00%"
"03/31/2022","47.00","47.00","47.40","46.40","9.82M","-1.05%"
"03/30/2022","47.50","46.50","47.75","46.25","16.78M","2.93%"
"03/29/2022","46.15","45.85","46.60","45.25","9.44M","1.10%"
"03/28/2022","45.65","46.00","46.00","44.35","13.54M","-0.98%"
"03/25/2022","46.10","46.00","47.20","46.00","19.37M","-0.11%"
"03/24/2022","46.15","45.65","46.25","45.21","12.37M","0.87%"
"03/23/2022","45.75","44.96","46.35","44.96","14.46M","1.11%"
"03/22/2022","45.25","44.30","45.45","43.50","8.28M","1.80%"
"03/21/2022","44.45","45.50","45.50","43.95","11.06M","-0.11%"
"03/18/2022","44.50","42.50","45.35","42.50","17.59M","3.25%"
"03/17/2022","43.10","42.00","43.15","41.00","26.58M","9.25%"
"03/16/2022","39.45","36.00","39.80","35.75","38.52M","14.18%"
"03/15/2022","34.55","37.80","38.00","34.25","48.41M","-11.41%"
"03/14/2022","39.00","39.95","40.00","38.65","31.25M","-4.99%"
"03/11/2022","41.05","40.85","41.60","40.10","13.24M","-1.44%"
"03/10/2022","41.65","42.10","42.10","41.15","10.53M","1.96%"
"03/09/2022","40.85","40.35","41.35","39.75","20.08M","2.25%"
"03/08/2022","39.95","40.00","40.45","39.30","11.04M","0.25%"
"03/07/2022","39.85","41.05","41.40","39.35","24.36M","-5.46%"
"03/04/2022","42.15","43.50","44.10","42.00","17.33M","-5.81%"
"03/03/2022","44.75","46.20","46.20","44.60","10.75M","1.59%"
"03/02/2022","44.05","44.50","44.90","43.55","7.91M","-1.01%"
"03/01/2022","44.50","43.40","44.85","43.00","9.35M","2.42%"
"02/28/2022","43.45","45.40","45.55","42.55","17.77M","-4.40%"
"02/25/2022","45.45","46.30","46.90","45.05","12.38M","-2.57%"
"02/24/2022","46.65","47.00","48.00","46.10","21.22M","-1.79%"
"02/23/2022","47.50","46.10","48.10","44.85","19.11M","3.04%"
"02/22/2022","46.10","47.00","47.20","45.75","10.17M","-3.66%"
"02/21/2022","47.85","48.30","48.30","46.60","7.84M","-1.64%"
"02/18/2022","48.65","48.35","49.35","47.95","13.60M","0.62%"
"02/17/2022","48.35","48.25","48.75","47.50","11.23M","-0.10%"
"02/16/2022","48.40","47.00","49.40","46.60","20.80M","5.33%"
"02/15/2022","45.95","45.75","46.45","45.30","7.73M","0.44%"
"02/14/2022","45.75","46.10","46.70","45.10","5.58M","-1.72%"
"02/11/2022","46.55","46.55","47.00","45.85","7.03M","-1.27%"
"02/10/2022","47.15","46.85","47.50","46.30","5.58M","0.00%"
"02/09/2022","47.15","47.45","47.60","46.85","5.86M","0.53%"
"02/08/2022","46.90","46.30","47.30","46.20","8.38M","1.08%"
"02/07/2022","46.40","46.00","47.00","46.00","5.81M","0.87%"
"02/04/2022","46.00","45.50","46.25","44.30","8.11M","2.79%"
"01/31/2022","44.75","45.75","46.05","44.15","7.17M","-2.19%"
"01/28/2022","45.75","45.90","47.15","45.70","11.55M","-0.54%"
"01/27/2022","46.00","45.90","46.10","45.30","8.48M","0.22%"
"01/26/2022","45.90","45.75","46.35","45.25","10.88M","0.22%"
"01/25/2022","45.80","45.25","45.85","44.90","8.51M","-0.33%"
"01/24/2022","45.95","45.50","46.90","45.25","12.04M","-0.65%"
"01/21/2022","46.25","45.50","48.15","45.05","19.47M","1.65%"
"01/20/2022","45.50","44.90","45.55","44.80","22.06M","2.25%"
"01/19/2022","44.50","44.20","44.80","44.00","9.62M","0.23%"
"01/18/2022","44.40","45.05","45.25","43.85","20.28M","-1.33%"
"01/17/2022","45.00","46.50","46.50","44.55","50.22M","7.02%"
"01/14/2022","42.05","40.45","42.40","40.00","13.53M","3.44%"
"01/13/2022","40.65","42.10","42.20","40.25","9.56M","-2.75%"
"01/12/2022","41.80","41.25","42.35","41.15","18.16M","2.20%"
"01/11/2022","40.90","40.05","41.00","40.00","9.45M","0.86%"
"01/10/2022","40.55","40.35","41.15","39.80","4.70M","0.50%"
"01/07/2022","40.35","40.55","40.80","39.95","4.73M","-0.49%"
"01/06/2022","40.55","39.30","40.65","39.20","9.70M","3.18%"
"01/05/2022","39.30","41.25","41.55","39.10","13.97M","-4.73%"
"01/04/2022","41.25","40.65","42.05","40.50","9.63M","1.98%"
"01/03/2022","40.45","40.75","41.40","40.30","5.35M","0.12%"
"12/31/2021","40.40","40.05","40.75","39.90","3.83M","1.25%"
"12/30/2021","39.90","39.70","40.10","39.55","3.37M","0.38%"
"12/29/2021","39.75","39.90","40.25","39.50","3.49M","-0.50%"
"12/28/2021","39.95","40.60","40.60","39.05","10.18M","-2.68%"
"12/24/2021","41.05","41.50","41.95","40.50","7.45M","2.11%"
"12/23/2021","40.20","40.00","40.60","39.80","4.74M","1.26%"
"12/22/2021","39.70","39.20","40.10","39.10","7.79M","2.72%"
"12/21/2021","38.65","38.20","39.20","38.00","8.69M","0.78%"
"12/20/2021","38.35","38.90","39.35","38.25","6.95M","-1.92%"
"12/17/2021","39.10","40.35","40.35","38.90","11.43M","-2.74%"
"12/16/2021","40.20","39.90","40.45","39.50","4.91M","0.63%"
"12/15/2021","39.95","39.65","40.70","39.55","7.51M","0.88%"
"12/14/2021","39.60","40.60","40.75","39.30","17.27M","-3.41%"
"12/13/2021","41.00","42.15","42.15","40.80","10.76M","-2.03%"
"12/10/2021","41.85","42.90","42.90","41.50","9.67M","-2.90%"
"12/09/2021","43.10","43.10","43.45","42.50","8.79M","-0.23%"
"12/08/2021","43.20","42.90","43.35","42.50","6.89M","0.82%"
"12/07/2021","42.85","42.25","42.95","41.65","12.23M","3.38%"
"12/06/2021","41.45","42.00","42.70","41.20","8.96M","-2.36%"
"12/03/2021","42.45","42.15","43.55","41.85","20.17M","-0.35%"
"12/02/2021","42.60","40.50","42.70","40.20","15.63M","2.90%"
"12/01/2021","41.40","42.40","42.50","40.80","24.25M","-2.93%"
"11/30/2021","42.65","43.55","44.25","42.15","23.25M","-2.29%"
"11/29/2021","43.65","42.60","44.10","42.10","37.84M","-5.42%"
"11/26/2021","46.15","48.70","48.75","46.00","24.76M","-6.77%"
"11/25/2021","49.50","49.00","50.25","48.95","15.17M","1.33%"
"11/24/2021","48.85","47.95","49.30","47.50","18.21M","1.88%"
"11/23/2021","47.95","47.85","48.35","47.45","13.40M","0.21%"
"11/22/2021","47.85","46.45","48.65","46.10","19.64M","3.46%"
"11/19/2021","46.25","45.80","46.70","45.65","9.54M","0.98%"
"11/18/2021","45.80","45.30","46.10","44.90","8.16M","-0.22%"
"11/17/2021","45.90","46.15","46.15","44.80","15.44M","-1.29%"
"11/16/2021","46.50","44.50","47.50","44.30","29.97M","5.08%"
"11/15/2021","44.25","44.05","44.40","43.75","7.34M","0.45%"
"11/12/2021","44.05","44.80","44.95","43.60","12.68M","-0.79%"
"11/11/2021","44.40","43.90","44.45","43.80","9.88M","1.14%"
"11/10/2021","43.90","44.45","44.50","43.20","11.59M","-0.34%"
"11/09/2021","44.05","44.15","44.40","43.15","12.71M","0.00%"
"11/08/2021","44.05","44.00","45.00","43.80","28.89M","5.01%"
"11/05/2021","41.95","41.75","42.30","40.90","10.50M","0.48%"
"11/04/2021","41.75","41.50","41.85","41.05","6.55M","0.60%"
"11/03/2021","41.50","41.55","42.10","40.70","6.68M","-0.24%"
"11/02/2021","41.60","42.45","42.45","40.70","9.43M","-0.24%"
"11/01/2021","41.70","42.10","42.80","41.40","8.70M","-0.95%"
"10/29/2021","42.10","41.95","42.60","41.85","8.12M","0.60%"
"10/28/2021","41.85","42.00","42.30","41.35","7.75M","-0.36%"
"10/27/2021","42.00","42.30","42.30","41.55","4.75M","-1.29%"
"10/26/2021","42.55","41.95","43.40","41.80","10.53M","1.55%"
"10/25/2021","41.90","42.00","42.25","41.60","7.81M","-1.41%"
"10/22/2021","42.50","42.20","42.65","41.70","5.92M","0.71%"
"10/21/2021","42.20","42.55","42.70","41.80","9.99M","-0.82%"
"10/20/2021","42.55","42.00","42.80","41.50","18.73M","3.28%"
"10/19/2021","41.20","41.30","41.50","40.60","8.62M","0.00%"
"10/18/2021","41.20","39.85","41.50","39.85","14.81M","3.39%"
"10/15/2021","39.85","41.20","41.25","39.55","21.74M","-2.69%"
"10/12/2021","40.95","40.05","41.20","39.65","11.82M","1.49%"
"10/11/2021","40.35","40.35","40.75","40.10","9.55M","1.00%"
"10/08/2021","39.95","40.20","40.70","39.40","9.34M","0.38%"
"10/07/2021","39.80","39.35","39.95","39.10","7.93M","1.79%"
"10/06/2021","39.10","39.00","39.30","38.75","8.35M","0.77%"
"10/05/2021","38.80","39.10","39.50","38.55","10.83M","-2.14%"
"10/04/2021","39.65","40.00","40.30","39.05","14.35M","-0.87%"
"09/30/2021","40.00","39.60","40.30","39.40","13.72M","1.78%"
"09/29/2021","39.30","38.90","39.70","38.60","14.56M","0.51%"
"09/28/2021","39.10","39.15","40.10","38.80","17.44M","0.77%"
"09/27/2021","38.80","39.35","39.60","38.60","25.69M","-3.60%"
"09/24/2021","40.25","42.15","42.85","40.00","17.78M","-4.17%"
"09/23/2021","42.00","41.95","42.55","41.10","21.72M","0.60%"
"09/21/2021","41.75","39.55","42.00","39.55","23.60M","3.47%"
"09/20/2021","40.35","40.00","40.40","39.50","31.47M","0.50%"
"09/17/2021","40.15","39.10","40.40","38.80","36.97M","2.69%"
"09/16/2021","39.10","40.00","40.90","38.30","80.38M","-0.13%"
"09/15/2021","39.15","44.00","45.00","39.10","164.95M","-20.02%"
"09/14/2021","48.95","50.00","50.50","48.80","10.97M","-2.10%"
"09/13/2021","50.00","52.10","52.10","49.10","19.66M","-5.12%"
"09/10/2021","52.70","53.45","53.50","52.35","10.29M","-1.03%"
"09/09/2021","53.25","54.00","54.20","52.75","14.26M","-1.39%"
"09/08/2021","54.00","51.70","54.65","51.70","25.33M","4.96%"
"09/07/2021","51.45","50.85","51.95","50.30","8.89M","1.18%"
"09/06/2021","50.85","51.00","52.00","50.70","5.83M","0.39%"
"09/03/2021","50.65","50.90","51.30","50.40","8.88M","-1.65%"
"09/02/2021","51.50","51.50","52.55","51.15","8.71M","1.28%"
"09/01/2021","50.85","50.80","51.35","49.95","9.31M","2.01%"
"08/31/2021","49.85","50.60","50.80","49.25","12.53M","-0.80%"
"08/30/2021","50.25","48.60","50.60","48.30","15.55M","4.04%"
"08/27/2021","48.30","49.20","49.20","48.10","11.72M","-1.83%"
"08/26/2021","49.20","49.00","49.80","48.40","12.44M","1.65%"
"08/25/2021","48.40","47.90","49.20","47.20","11.62M","1.36%"
"08/24/2021","47.75","44.95","47.75","44.85","24.80M","8.89%"
"08/23/2021","43.85","44.20","44.35","43.20","17.58M","-1.02%"
"08/20/2021","44.30","46.80","47.00","43.60","24.62M","-5.44%"
"08/19/2021","46.85","47.80","47.80","46.75","6.75M","-1.99%"
"08/18/2021","47.80","47.25","48.00","46.65","7.28M","0.42%"
"08/17/2021","47.60","49.15","49.45","47.35","9.48M","-3.15%"
"08/16/2021","49.15","49.00","49.70","48.65","7.60M","0.31%"
"08/13/2021","49.00","49.25","49.75","48.55","10.19M","-0.51%"
"08/12/2021","49.25","49.00","50.25","48.25","10.79M","0.92%"
"08/11/2021","48.80","49.55","49.70","48.45","12.23M","-0.71%"
"08/10/2021","49.15","48.45","49.30","47.50","13.97M","2.18%"
"08/09/2021","48.10","47.90","49.25","47.40","11.73M","0.63%"
"08/06/2021","47.80","48.20","48.25","46.60","8.64M","-0.10%"
"08/05/2021","47.85","46.75","48.35","46.15","35.60M","2.35%"
"08/04/2021","46.75","48.30","48.75","45.70","52.01M","-6.50%"
"08/03/2021","50.00","51.50","51.70","49.75","25.62M","-3.57%"
"08/02/2021","51.85","52.70","52.70","50.90","15.50M","-1.61%"
"07/30/2021","52.70","51.50","52.80","50.35","18.66M","0.38%"
"07/29/2021","52.50","55.00","55.00","50.80","20.33M","-1.50%"
"07/28/2021","53.30","54.00","54.40","52.30","14.19M","0.57%"
"07/27/2021","53.00","54.70","55.30","51.75","16.88M","-2.48%"
"07/26/2021","54.35","56.00","56.00","53.90","19.23M","-4.73%"
"07/23/2021","57.05","58.60","58.60","56.75","5.22M","-2.65%"
"07/22/2021","58.60","56.30","58.90","56.30","11.47M","4.92%"
"07/21/2021","55.85","56.45","56.85","55.00","12.24M","0.09%"
"07/20/2021","55.80","57.65","57.65","55.80","11.72M","-3.21%"
"07/19/2021","57.65","58.35","59.00","57.40","6.91M","-1.79%"
"07/16/2021","58.70","59.00","59.00","58.15","5.90M","-0.59%"
"07/15/2021","59.05","58.80","59.25","58.10","5.42M","0.43%"
"07/14/2021","58.80","59.45","59.80","58.25","10.83M","-1.09%"
"07/13/2021","59.45","59.65","60.20","59.00","10.08M","0.25%"
"07/12/2021","59.30","60.30","60.30","58.80","8.79M","-0.50%"
"07/09/2021","59.60","59.25","61.00","59.15","11.00M","1.19%"
"07/08/2021","58.90","61.85","61.85","58.80","14.79M","-4.15%"
"07/07/2021","61.45","62.00","62.00","61.00","5.95M","0.41%"
"07/06/2021","61.20","61.25","61.50","60.55","4.23M","0.08%"
"07/05/2021","61.15","60.60","61.55","60.40","5.38M","0.74%"
"07/02/2021","60.70","62.65","62.65","59.90","20.89M","-2.33%"
"06/30/2021","62.15","60.05","63.20","60.05","23.78M","4.37%"
"06/29/2021","59.55","60.25","60.60","59.50","10.51M","-1.16%"
"06/28/2021","60.25","61.30","61.50","59.90","3.88M","-0.74%"
"06/25/2021","60.70","60.40","60.70","60.05","6.50M","0.08%"
"06/24/2021","60.65","60.40","60.90","60.05","5.15M","0.41%"
"06/23/2021","60.40","61.25","61.70","59.50","19.14M","-1.39%"
"06/22/2021","61.25","63.35","63.80","61.00","14.56M","-3.16%"
"06/21/2021","63.25","62.00","63.60","61.30","13.19M","1.44%"
"06/18/2021","62.35","62.00","62.75","61.90","8.76M","0.56%"
"06/17/2021","62.00","61.10","62.30","61.10","5.40M","0.73%"
"06/16/2021","61.55","61.85","62.35","61.25","6.34M","-0.49%"
"06/15/2021","61.85","63.20","63.20","61.45","9.21M","-0.96%"
"06/11/2021","62.45","62.65","63.20","62.30","4.72M","0.16%"
"06/10/2021","62.35","63.30","64.30","62.10","8.12M","-0.64%"
"06/09/2021","62.75","63.00","64.00","62.65","5.46M","-0.55%"
"06/08/2021","63.10","62.90","63.50","62.50","7.04M","1.20%"
"06/07/2021","62.35","63.20","63.45","61.00","11.91M","-2.12%"
"06/04/2021","63.70","63.45","63.80","62.55","6.54M","0.24%"
"06/03/2021","63.55","64.30","65.05","63.00","5.65M","-0.86%"
"06/02/2021","64.10","65.00","65.00","63.80","4.01M","-1.38%"
"06/01/2021","65.00","62.90","65.30","62.30","8.94M","3.34%"
"05/31/2021","62.90","64.55","64.80","62.85","10.57M","-3.16%"
"05/28/2021","64.95","65.80","66.20","64.75","10.26M","-0.99%"
"05/27/2021","65.60","66.00","66.80","65.15","16.55M","-1.06%"
"05/26/2021","66.30","63.35","66.65","63.35","22.84M","4.25%"
"05/25/2021","63.60","62.50","64.30","62.50","14.67M","1.92%"
"05/24/2021","62.40","62.80","63.05","61.80","19.06M","-0.64%"
"05/21/2021","62.80","62.10","63.25","62.05","11.75M","1.13%"
"05/20/2021","62.10","62.90","62.90","60.60","19.63M","-1.82%"
"05/18/2021","63.25","62.95","63.75","62.65","11.22M","1.04%"
"05/17/2021","62.60","63.20","63.40","62.45","7.02M","-0.95%"
"05/14/2021","63.20","63.45","63.75","61.95","7.59M","0.32%"
"05/13/2021","63.00","63.30","64.00","62.80","8.02M","-3.00%"
"05/12/2021","64.95","64.65","65.30","63.40","9.09M","-0.61%"
"05/11/2021","65.35","66.30","66.70","64.75","9.82M","-2.97%"
"05/10/2021","67.35","67.20","67.35","65.60","7.14M","0.97%"
"05/07/2021","66.70","66.80","67.30","66.05","5.30M","0.30%"
"05/06/2021","66.50","67.45","67.75","64.85","15.03M","-1.19%"
"05/05/2021","67.30","68.00","68.65","67.20","5.95M","-2.60%"
"05/04/2021","69.10","68.30","69.40","67.60","4.01M","1.17%"
"05/03/2021","68.30","68.40","68.90","67.00","6.17M","-0.15%"
"04/30/2021","68.40","70.35","70.35","68.15","8.83M","-3.59%"
"04/29/2021","70.95","69.40","70.95","69.40","8.46M","2.53%"
"04/28/2021","69.20","68.65","69.50","67.95","8.82M","0.73%"
"04/27/2021","68.70","68.50","69.00","67.65","6.13M","0.29%"
"04/26/2021","68.50","67.20","69.20","67.20","8.42M","1.11%"
"04/23/2021","67.75","68.55","68.95","66.75","10.19M","-1.02%"
"04/22/2021","68.45","67.90","68.70","67.60","10.63M","0.81%"
"04/21/2021","67.90","68.50","68.50","65.35","24.61M","-2.37%"
"04/20/2021","69.55","69.20","70.55","68.60","14.47M","-0.43%"
"04/19/2021","69.85","69.00","70.65","67.70","12.02M","1.23%"
"04/16/2021","69.00","68.80","69.75","68.35","9.40M","1.02%"
"04/15/2021","68.30","69.65","69.75","67.30","11.22M","-2.43%"
"04/14/2021","70.00","68.35","70.15","68.25","12.56M","2.71%"
"04/13/2021","68.15","69.00","69.75","67.95","10.84M","-1.66%"
"04/12/2021","69.30","70.25","70.70","67.60","11.35M","-0.79%"
"04/09/2021","69.85","72.50","73.20","69.30","11.33M","-3.85%"
"04/08/2021","72.65","71.10","72.80","70.85","7.45M","0.41%"
"04/07/2021","72.35","72.15","73.20","71.75","9.61M","1.47%"
"04/01/2021","71.30","71.80","71.80","70.60","7.87M","1.86%"
"03/31/2021","70.00","71.95","72.20","70.00","8.85M","-2.91%"
"03/30/2021","72.10","71.50","72.50","70.75","8.77M","1.19%"
"03/29/2021","71.25","70.00","71.90","69.20","6.48M","1.28%"
"03/26/2021","70.35","70.95","71.10","69.30","6.35M","0.21%"
"03/25/2021","70.20","66.80","71.00","66.50","17.05M","4.00%"
"03/24/2021","67.50","68.40","68.90","65.75","21.15M","-2.81%"
"03/23/2021","69.45","70.80","71.30","67.65","11.64M","-1.91%"
"03/22/2021","70.80","70.45","72.35","70.10","10.43M","-1.12%"
"03/19/2021","71.60","73.60","74.70","70.80","25.27M","-6.28%"
"03/18/2021","76.40","78.65","79.00","76.35","10.92M","-2.36%"
"03/17/2021","78.25","74.80","78.85","73.80","16.97M","4.61%"
"03/16/2021","74.80","73.00","75.50","71.80","14.17M","3.17%"
"03/15/2021","72.50","71.45","72.80","70.40","10.59M","2.04%"
"03/12/2021","71.05","72.95","72.95","70.30","10.95M","-2.60%"
"03/11/2021","72.95","73.30","76.00","72.00","11.00M","0.07%"
"03/10/2021","72.90","74.00","74.30","71.90","8.43M","0.34%"
"03/09/2021","72.65","70.75","74.35","68.75","20.11M","4.91%"
"03/08/2021","69.25","73.70","75.30","68.30","21.07M","-5.85%"
"03/05/2021","73.55","71.05","74.40","70.55","17.65M","0.20%"
"03/04/2021","73.40","72.10","73.80","70.85","15.97M","-1.48%"
"03/03/2021","74.50","70.15","74.50","69.95","18.40M","7.66%"
"03/02/2021","69.20","71.20","72.20","67.95","15.13M","-4.49%"
"03/01/2021","72.45","72.00","73.50","71.20","11.40M","2.19%"
"02/26/2021","70.90","70.65","71.55","68.05","26.29M","-4.25%"
"02/25/2021","74.05","76.95","77.00","73.40","19.66M","-1.13%"
"02/24/2021","74.90","77.00","80.30","74.40","32.22M","-1.51%"
"02/23/2021","76.05","71.85","78.80","71.00","59.30M","8.88%"
"02/22/2021","69.85","68.10","70.05","66.75","23.10M","4.41%"
"02/19/2021","66.90","68.75","69.20","66.20","10.37M","-2.05%"
"02/18/2021","68.30","69.00","70.00","67.55","12.42M","-2.15%"
"02/17/2021","69.80","68.00","71.50","67.50","17.61M","1.16%"
"02/16/2021","69.00","69.20","69.45","68.10","6.66M","0.07%"
"02/11/2021","68.95","68.50","68.95","67.40","4.61M","0.00%"
"02/10/2021","68.95","68.75","69.75","67.30","6.51M","0.66%"
"02/09/2021","68.50","68.50","68.85","67.45","7.44M","-0.15%"
"02/08/2021","68.60","68.50","71.15","68.00","29.22M","2.85%"
"02/05/2021","66.70","62.95","68.25","62.80","49.20M","6.29%"
"02/04/2021","62.75","61.40","62.90","61.35","13.90M","2.12%"
"02/03/2021","61.45","61.55","62.30","60.95","11.12M","-0.41%"
"02/02/2021","61.70","59.50","62.50","59.00","18.83M","4.14%"
"02/01/2021","59.25","58.55","60.15","58.25","9.12M","0.77%"
"01/29/2021","58.80","59.40","60.30","58.50","10.59M","-0.59%"
"01/28/2021","59.15","60.45","60.95","58.80","12.90M","-2.95%"
"01/27/2021","60.95","60.00","61.40","59.65","13.30M","2.44%"
"01/26/2021","59.50","59.50","60.50","58.75","9.85M","0.00%"
"01/25/2021","59.50","59.10","59.60","57.20","17.42M","0.76%"
"01/22/2021","59.05","61.50","61.50","58.30","18.58M","-4.37%"
"01/21/2021","61.75","61.20","62.00","60.65","23.35M","2.07%"
"01/20/2021","60.50","58.40","61.60","58.40","21.41M","2.28%"
"01/19/2021","59.15","57.60","59.70","57.50","15.78M","2.69%"
"01/18/2021","57.60","57.60","57.65","56.65","11.48M","-0.09%"
"01/15/2021","57.65","58.00","58.30","57.10","10.82M","-1.11%"
"01/14/2021","58.30","60.05","60.65","58.05","18.53M","-3.08%"
"01/13/2021","60.15","59.45","61.20","59.10","12.72M","1.18%"
"01/12/2021","59.45","60.30","60.60","59.05","9.11M","-1.74%"
"01/11/2021","60.50","62.00","62.00","60.00","9.30M","-2.42%"
"01/08/2021","62.00","60.95","62.50","60.00","12.42M","1.97%"
"01/07/2021","60.80","60.20","60.90","59.70","4.95M","1.76%"
"01/06/2021","59.75","59.65","60.45","58.95","6.35M","-0.58%"
"01/05/2021","60.10","60.75","60.85","58.90","7.97M","-1.15%"
"01/04/2021","60.80","61.70","61.70","60.30","6.30M","0.91%"
"12/31/2020","60.25","59.85","61.70","59.60","7.69M","0.92%"
"12/30/2020","59.70","58.05","59.75","57.95","5.40M","2.40%"
"12/29/2020","58.30","57.60","58.60","57.10","3.24M","1.39%"
"12/28/2020","57.50","58.45","59.75","56.70","8.29M","-1.79%"
"12/24/2020","58.55","57.10","59.10","56.40","5.81M","2.99%"
"12/23/2020","56.85","56.75","57.20","56.00","4.62M","0.18%"
"12/22/2020","56.75","57.40","58.40","56.00","10.20M","-3.07%"
"12/21/2020","58.55","57.80","59.20","57.80","8.45M","1.30%"
"12/18/2020","57.80","58.80","59.20","57.70","12.76M","-2.36%"
"12/17/2020","59.20","58.65","59.75","58.60","4.14M","0.00%"
"12/16/2020","59.20","59.20","59.35","58.60","6.01M","0.00%"
"12/15/2020","59.20","60.10","60.60","58.85","8.42M","-2.39%"
"12/14/2020","60.65","60.75","61.80","60.45","3.80M","-1.14%"
"12/11/2020","61.35","60.70","61.50","60.60","5.06M","0.66%"
"12/10/2020","60.95","60.05","61.20","60.00","3.60M","0.91%"
"12/09/2020","60.40","60.60","60.90","60.15","6.54M","-1.15%"
"12/08/2020","61.10","61.25","61.60","60.85","4.05M","-0.24%"
"12/07/2020","61.25","62.80","62.80","60.85","3.55M","-1.37%"
"12/04/2020","62.10","61.75","64.00","61.70","13.97M","1.72%"
"12/03/2020","61.05","59.15","61.50","59.15","4.95M","1.16%"
"12/02/2020","60.35","59.00","60.65","58.50","8.57M","0.00%"
"12/01/2020","60.35","60.75","60.95","59.95","6.45M","2.29%"
"11/30/2020","59.00","61.75","61.75","59.00","14.62M","-4.45%"
"11/27/2020","61.75","61.00","62.15","60.55","3.77M","-0.40%"
"11/26/2020","62.00","62.50","62.50","60.95","4.96M","-0.80%"
"11/25/2020","62.50","62.20","62.80","61.80","9.52M","0.97%"
"11/24/2020","61.90","60.00","62.25","59.60","9.97M","3.86%"
"11/23/2020","59.60","61.70","61.70","58.25","9.92M","-3.17%"
"11/20/2020","61.55","61.30","61.85","61.10","4.48M","0.41%"
"11/19/2020","61.30","61.50","61.60","60.30","5.48M","-0.65%"
"11/18/2020","61.70","61.20","61.95","61.00","6.87M","0.33%"
"11/17/2020","61.50","61.65","61.95","60.90","4.38M","-0.08%"
"11/16/2020","61.55","60.00","61.85","59.80","12.44M","3.88%"
"11/13/2020","59.25","59.00","59.80","57.75","14.68M","-0.92%"
"11/12/2020","59.80","59.80","60.50","59.25","15.42M","0.34%"
"11/11/2020","59.60","63.00","63.00","58.80","17.78M","-2.69%"
"11/10/2020","61.25","65.00","65.00","60.70","34.95M","4.08%"
"11/09/2020","58.85","56.80","59.45","56.60","20.97M","5.47%"
"11/06/2020","55.80","56.00","56.50","55.35","6.80M","0.09%"
"11/05/2020","55.75","55.50","55.95","54.95","11.61M","3.15%"
"11/04/2020","54.05","53.80","55.60","53.30","8.83M","1.03%"
"11/03/2020","53.50","53.40","53.75","52.85","6.48M","1.61%"
"11/02/2020","52.65","51.60","53.10","51.50","8.63M","3.03%"
"10/30/2020","51.10","52.50","53.05","50.95","13.31M","-2.76%"
"10/29/2020","52.55","51.90","52.65","51.50","8.21M","-0.47%"
"10/28/2020","52.80","53.40","53.55","52.70","4.86M","-1.68%"
"10/27/2020","53.70","54.25","54.25","52.70","8.50M","-1.01%"
"10/23/2020","54.25","54.95","54.95","53.60","10.38M","-1.00%"
"10/22/2020","54.80","53.00","55.25","52.00","20.57M","5.08%"
"10/21/2020","52.15","52.00","52.80","51.75","6.07M","0.29%"
"10/20/2020","52.00","51.20","52.20","50.95","8.33M","0.68%"
"10/19/2020","51.65","52.30","52.35","51.35","7.62M","0.10%"
"10/16/2020","51.60","51.25","52.10","51.15","9.05M","1.08%"
"10/15/2020","51.05","51.30","51.65","50.00","13.71M","-0.68%"
"10/14/2020","51.40","52.20","52.30","50.70","20.30M","-0.96%"
"10/12/2020","51.90","52.10","52.30","51.55","13.26M","-0.38%"
"10/09/2020","52.10","53.25","53.25","51.70","7.73M","-1.33%"
"10/08/2020","52.80","53.35","53.60","51.85","11.61M","-1.95%"
"10/07/2020","53.85","52.90","54.15","52.60","8.69M","1.60%"
"10/06/2020","53.00","51.45","53.40","51.40","13.23M","2.71%"
"10/05/2020","51.60","52.90","52.90","51.05","10.84M","-0.67%"
"09/30/2020","51.95","52.85","52.85","51.90","8.32M","-0.67%"
"09/29/2020","52.30","52.00","52.50","51.80","7.51M","1.16%"
"09/28/2020","51.70","52.40","52.40","51.45","7.46M","-0.96%"
"09/25/2020","52.20","52.50","52.80","51.50","9.67M","-0.48%"
"09/24/2020","52.45","53.20","53.20","51.90","14.41M","-1.69%"
"09/23/2020","53.35","53.40","53.90","52.50","14.02M","0.28%"
"09/22/2020","53.20","54.00","54.00","52.10","19.39M","-3.27%"
"09/21/2020","55.00","57.75","57.90","54.50","19.30M","-4.76%"
"09/18/2020","57.75","58.00","58.50","57.50","9.62M","-0.86%"
"09/17/2020","58.25","59.70","59.70","57.80","11.80M","-2.43%"
"09/16/2020","59.70","60.35","60.45","59.25","6.74M","-0.67%"
"09/15/2020","60.10","59.15","60.75","58.60","8.06M","1.52%"
"09/14/2020","59.20","59.50","59.70","58.80","6.48M","-1.00%"
"09/11/2020","59.80","58.60","59.85","58.00","7.94M","3.19%"
"09/10/2020","57.95","58.00","58.50","57.30","7.36M","0.70%"
"09/09/2020","57.55","57.35","58.00","57.00","7.02M","-1.12%"
"09/08/2020","58.20","58.60","59.00","57.15","8.24M","-0.26%"
"09/07/2020","58.35","58.60","59.85","58.10","15.49M","-2.42%"
"09/04/2020","59.80","61.55","61.55","59.50","19.97M","-4.78%"
"09/03/2020","62.80","61.80","63.40","60.45","13.44M","2.70%"
"09/02/2020","61.15","61.80","62.25","61.00","8.97M","-1.61%"
"09/01/2020","62.15","60.80","62.95","60.10","10.95M","1.80%"
"08/31/2020","61.05","61.30","62.30","60.95","14.38M","0.08%"
"08/28/2020","61.00","60.50","62.15","60.20","11.07M","1.67%"
"08/27/2020","60.00","60.90","61.70","59.90","15.35M","-2.04%"
"08/26/2020","61.25","61.90","62.65","60.95","12.95M","-1.69%"
"08/25/2020","62.30","61.00","63.70","60.65","19.10M","2.30%"
"08/24/2020","60.90","62.15","62.30","60.75","17.36M","-2.25%"
"08/21/2020","62.30","59.60","62.35","59.25","22.55M","6.22%"
"08/20/2020","58.65","59.15","59.15","58.10","7.04M","-0.85%"
"08/19/2020","59.15","59.55","59.95","58.80","6.03M","-0.67%"
"08/18/2020","59.55","60.00","60.75","58.85","7.78M","-0.67%"
"08/17/2020","59.95","59.00","61.15","59.00","10.92M","1.70%"
"08/14/2020","58.95","58.50","60.45","58.25","12.87M","-0.51%"
"08/13/2020","59.25","59.50","59.95","58.50","12.98M","-0.42%"
"08/12/2020","59.50","60.00","62.60","59.30","35.09M","-0.50%"
"08/11/2020","59.80","58.50","59.95","58.30","35.09M","5.47%"
"08/10/2020","56.70","54.00","57.85","53.55","33.82M","5.59%"
"08/07/2020","53.70","53.50","53.95","52.80","9.55M","1.13%"
"08/06/2020","53.10","53.45","53.60","52.40","5.85M","0.00%"
"08/05/2020","53.10","53.30","53.65","52.70","4.33M","-0.56%"
"08/04/2020","53.40","53.00","53.60","52.50","6.63M","1.81%"
"08/03/2020","52.45","52.35","52.75","51.55","6.41M","-0.66%"
"07/31/2020","52.80","52.70","53.30","52.20","7.81M","1.73%"
"07/30/2020","51.90","52.00","53.15","51.60","9.12M","0.19%"
"07/29/2020","51.80","51.30","52.30","50.40","7.93M","1.27%"
"07/28/2020","51.15","51.25","51.35","50.20","8.44M","1.79%"
"07/27/2020","50.25","51.05","51.20","49.65","10.27M","0.40%"
"07/24/2020","50.05","51.10","51.50","50.00","11.42M","-3.38%"
"07/23/2020","51.80","51.60","51.80","50.60","6.96M","0.39%"
"07/22/2020","51.60","53.00","53.10","51.45","9.10M","-1.90%"
"07/21/2020","52.60","53.00","53.65","52.20","11.36M","-0.09%"
"07/20/2020","52.65","54.70","54.80","52.30","12.05M","-3.92%"
"07/17/2020","54.80","53.80","55.50","53.40","11.23M","2.81%"
"07/16/2020","53.30","55.00","55.05","53.15","13.37M","-1.66%"
"07/15/2020","54.20","54.85","55.30","53.20","16.61M","0.46%"
"07/14/2020","53.95","56.50","56.50","52.65","51.96M","6.10%"
"07/13/2020","50.85","50.85","51.90","50.15","14.85M","0.30%"
"07/10/2020","50.70","51.05","51.40","50.40","13.94M","-1.65%"
"07/09/2020","51.55","52.40","52.60","50.85","18.75M","-2.09%"
"07/08/2020","52.65","53.00","53.55","52.00","13.76M","-1.59%"
"07/07/2020","53.50","55.10","55.45","53.45","12.09M","-2.64%"
"07/06/2020","54.95","54.70","55.60","54.70","16.60M","0.46%"
"07/03/2020","54.70","54.00","54.85","53.30","10.01M","2.05%"
"07/02/2020","53.60","53.60","53.90","52.50","14.93M","1.61%"
"06/30/2020","52.75","51.30","52.75","51.30","13.35M","3.84%"
"06/29/2020","50.80","52.00","52.00","50.25","17.20M","-2.31%"
"06/26/2020","52.00","52.65","53.20","51.90","10.10M","-2.16%"
"06/24/2020","53.15","53.75","53.90","52.95","4.99M","-0.37%"
"06/23/2020","53.35","52.50","53.45","51.55","8.02M","1.91%"
"06/22/2020","52.35","54.00","54.00","52.00","13.79M","-3.68%"
"06/19/2020","54.35","52.65","54.50","52.65","11.60M","3.23%"
"06/18/2020","52.65","52.35","52.70","51.80","8.26M","-0.28%"
"06/17/2020","52.80","52.90","53.10","52.05","10.14M","-1.12%"
"06/16/2020","53.40","53.10","53.80","52.90","8.19M","2.99%"
"06/15/2020","51.85","54.40","54.90","51.65","17.00M","-4.78%"
"06/12/2020","54.45","52.60","54.65","52.20","14.39M","1.78%"
"06/11/2020","53.50","56.50","56.50","53.50","19.80M","-5.06%"
"06/10/2020","56.35","56.90","57.00","55.60","9.56M","0.00%"
"06/09/2020","56.35","55.85","56.70","55.75","11.07M","1.90%"
"06/08/2020","55.30","55.90","56.25","54.70","9.99M","-1.34%"
"06/05/2020","56.05","56.00","56.15","55.15","14.28M","0.09%"
"06/04/2020","56.00","55.50","56.60","55.00","14.20M","2.38%"
"06/03/2020","54.70","55.00","55.15","54.50","15.47M","0.00%"
"06/02/2020","54.70","54.60","54.80","53.70","11.24M","0.00%"
"06/01/2020","54.70","53.25","54.70","53.05","14.20M","4.59%"
"05/29/2020","52.30","51.40","53.00","51.30","8.72M","-0.19%"
"05/28/2020","52.40","52.95","53.20","51.05","15.40M","-0.85%"
"05/27/2020","52.85","53.60","53.70","52.05","11.32M","-0.56%"
"05/26/2020","53.15","51.80","53.45","51.70","15.39M","3.81%"
"05/25/2020","51.20","50.20","51.35","49.30","12.86M","2.40%"
"05/22/2020","50.00","50.50","51.45","49.20","26.50M","-5.30%"
"05/21/2020","52.80","54.00","54.15","52.50","11.47M","-2.22%"
"05/20/2020","54.00","53.50","54.15","53.35","8.14M","1.79%"
"05/19/2020","53.05","54.00","54.20","52.85","12.33M","0.95%"
"05/18/2020","52.55","51.70","52.70","51.40","6.82M","0.96%"
"05/15/2020","52.05","51.50","52.30","51.20","7.40M","0.87%"
"05/14/2020","51.60","52.00","52.15","50.90","11.89M","-1.53%"
"05/13/2020","52.40","52.50","52.85","51.35","9.04M","-0.95%"
"05/12/2020","52.90","53.50","53.65","52.50","17.25M","-2.49%"
"05/11/2020","54.25","54.50","55.85","53.90","21.56M","1.02%"
"05/08/2020","53.70","51.30","53.70","50.70","25.09M","5.09%"
"05/07/2020","51.10","50.95","51.20","50.35","9.13M","-0.10%"
"05/06/2020","51.15","49.90","51.30","49.60","14.33M","2.20%"
"05/05/2020","50.05","49.20","50.10","48.45","7.88M","2.77%"
"05/04/2020","48.70","48.10","48.95","47.80","15.47M","-3.47%"
"04/29/2020","50.45","50.60","50.85","49.45","14.05M","-0.49%"
"04/28/2020","50.70","50.10","50.70","49.45","10.20M","1.50%"
"04/27/2020","49.95","50.05","50.15","49.10","13.96M","1.32%"
"04/24/2020","49.30","50.45","50.50","48.70","15.65M","-2.28%"
"04/23/2020","50.45","49.60","51.15","49.60","18.57M","3.59%"
"04/22/2020","48.70","47.70","49.00","47.60","12.19M","1.67%"
"04/21/2020","47.90","49.25","50.00","47.55","20.80M","-3.72%"
"04/20/2020","49.75","50.85","50.90","49.25","16.77M","-0.40%"
"04/17/2020","49.95","50.05","52.80","49.30","30.80M","2.46%"
"04/16/2020","48.75","47.80","48.95","47.40","13.83M","1.67%"
"04/15/2020","47.95","48.30","49.70","47.50","21.83M","-0.83%"
"04/14/2020","48.35","48.20","48.75","47.15","15.90M","0.73%"
"04/09/2020","48.00","46.50","48.00","46.20","28.02M","6.31%"
"04/08/2020","45.15","44.85","45.40","44.60","19.67M","-1.85%"
"04/07/2020","46.00","43.50","46.00","43.50","37.52M","7.35%"
"04/06/2020","42.85","41.30","43.20","40.55","35.21M","4.51%"
"04/03/2020","41.00","41.20","41.40","40.55","11.70M","-0.73%"
"04/02/2020","41.30","40.00","41.30","39.55","16.96M","1.98%"
"04/01/2020","40.50","41.00","41.65","39.75","18.87M","-2.06%"
"03/31/2020","41.35","42.10","42.10","40.30","23.09M","1.85%"
"03/30/2020","40.60","41.35","41.50","39.80","23.30M","-4.81%"
"03/27/2020","42.65","44.70","45.80","42.15","24.35M","-3.72%"
"03/26/2020","44.30","46.15","46.15","43.95","22.04M","-1.88%"
"03/25/2020","45.15","45.20","45.45","44.05","29.02M","3.91%"
"03/24/2020","43.45","42.31","43.55","41.77","24.86M","7.86%"
"03/23/2020","40.28","40.58","41.03","39.74","27.21M","-5.79%"
"03/20/2020","42.76","39.19","42.91","39.00","35.75M","11.92%"
"03/19/2020","38.20","40.63","40.88","36.62","29.24M","-4.69%"
"03/18/2020","40.08","42.06","43.25","39.74","23.97M","-6.14%"
"03/17/2020","42.71","42.56","43.85","41.57","28.72M","-2.04%"
"03/16/2020","43.60","46.12","46.96","42.96","32.62M","-8.32%"
"03/13/2020","47.56","44.64","48.20","44.04","44.12M","-2.34%"
"03/12/2020","48.70","49.49","49.49","47.80","21.64M","-3.15%"
"03/11/2020","50.28","50.08","50.63","49.44","20.97M","0.40%"
"03/10/2020","50.08","48.50","50.77","47.71","22.47M","3.79%"
"03/09/2020","48.25","48.50","48.99","46.86","25.78M","-4.41%"
"03/06/2020","50.48","51.32","51.32","50.03","19.00M","-3.13%"
"03/05/2020","52.11","50.82","52.41","50.68","26.49M","3.03%"
"03/04/2020","50.58","50.63","50.87","49.49","14.52M","-0.97%"
"03/03/2020","51.07","51.91","52.46","50.58","15.65M","0.88%"
"03/02/2020","50.63","51.27","52.26","50.48","17.01M","-0.58%"
"02/28/2020","50.92","51.27","51.47","50.43","23.99M","-2.00%"
"02/27/2020","51.96","52.85","52.90","51.32","30.85M","-2.23%"
"02/26/2020","53.15","52.65","53.74","52.51","13.35M","-1.65%"
"02/25/2020","54.04","53.35","54.44","52.85","6.56M","1.30%"
"02/24/2020","53.35","54.93","54.93","52.90","16.94M","-3.75%"
"02/21/2020","55.43","56.37","56.51","54.73","24.67M","-2.35%"
"02/20/2020","56.76","56.96","57.31","55.97","12.56M","-0.52%"
"02/19/2020","57.06","56.12","57.55","56.12","5.43M","1.32%"
"02/18/2020","56.32","57.06","57.21","56.22","11.85M","-1.13%"
"02/17/2020","56.96","55.92","57.90","55.92","11.05M","0.61%"
"02/14/2020","56.61","56.32","57.01","56.02","14.81M","0.00%"
"02/13/2020","56.61","56.42","56.96","55.48","16.06M","0.35%"
"02/12/2020","56.42","54.58","56.56","54.09","23.52M","4.40%"
"02/11/2020","54.04","53.20","54.29","52.56","10.47M","2.54%"
"02/10/2020","52.70","53.45","53.89","52.16","13.97M","-2.65%"
"02/07/2020","54.14","53.99","54.34","53.20","10.49M","-0.55%"
"02/06/2020","54.44","53.35","54.44","52.95","17.25M","3.97%"
"02/05/2020","52.36","52.56","53.30","51.32","23.64M","1.93%"
"02/04/2020","51.37","51.71","53.35","49.88","47.30M","-2.26%"
"02/03/2020","52.56","50.48","52.61","49.98","24.44M","3.11%"
"01/31/2020","50.97","52.46","52.80","50.77","28.71M","-0.58%"
"01/30/2020","51.27","52.75","53.10","50.33","28.81M","-2.54%"
"01/29/2020","52.61","51.96","53.45","51.96","39.74M","-5.17%"
"01/24/2020","55.48","54.44","55.87","53.79","9.36M","0.81%"
"01/23/2020","55.03","55.87","56.17","53.94","21.64M","-3.47%"
"01/22/2020","57.01","56.37","57.75","55.43","20.90M","1.50%"
"01/21/2020","56.17","57.16","57.41","55.52","24.69M","-3.57%"
"01/20/2020","58.25","62.35","62.35","58.05","21.81M","-5.39%"
"01/17/2020","61.56","61.81","62.50","61.17","7.36M","0.00%"
"01/16/2020","61.56","62.50","62.50","61.17","6.58M","-0.16%"
"01/15/2020","61.66","61.36","62.11","60.72","6.08M","-0.24%"
"01/14/2020","61.81","61.36","62.75","60.97","15.04M","2.29%"
"01/13/2020","60.42","61.07","61.36","60.28","9.53M","-0.57%"
"01/10/2020","60.77","59.88","61.17","59.63","11.09M","1.99%"
"01/09/2020","59.58","59.88","60.37","58.99","10.79M","1.52%"
"01/08/2020","58.69","57.80","58.99","57.36","9.65M","0.17%"
"01/07/2020","58.59","57.80","59.38","57.80","12.18M","1.81%"
"01/06/2020","57.55","57.90","58.40","57.31","14.28M","-1.27%"
"01/03/2020","58.30","60.67","60.67","58.25","10.41M","-2.97%"
"01/02/2020","60.08","58.20","60.23","57.36","20.17M","5.75%"